data_strategy,model_name,case,design,total_cost_own,total_cost_flat,fill_rate,mean_order,uses_quantiles
Latent_supervised,catboost,default,reference,22940.11259531234,16895.39662406961,98.6715053001656,91.40760155148995,1.0
Latent_supervised,catboost,flat,reference,17249.303618734488,17249.303618734488,98.8866185493482,92.5668736221399,1.0
Latent_supervised,catboost,perishability_weights[0] x0.8,one_at_a_time,22934.282388532007,16877.583280500745,98.67567315024428,91.41361571932703,1.0
Latent_supervised,catboost,perishability_weights[1] x0.8,one_at_a_time,22885.302941471607,16893.24899293805,98.67382202483171,91.41611391210878,1.0
Latent_supervised,catboost,perishability_weights[2] x0.8,one_at_a_time,22998.706052016085,16914.983265401082,98.66525602634444,91.39383545341,1.0
Latent_supervised,catboost,slow_moving_weights[0] x0.8,one_at_a_time,22894.46005077109,16835.817021317802,98.68147580902078,91.41067839253554,1.0
Latent_supervised,catboost,slow_moving_weights[1] x0.8,one_at_a_time,22983.86321396111,16953.308032456112,98.66186812800053,91.40484336732685,1.0
Latent_supervised,catboost,criticality_weights[0] x0.8,one_at_a_time,22948.627966869266,16918.314947712868,98.66794062053997,91.40757970198112,1.0
Latent_supervised,catboost,criticality_weights[1] x0.8,one_at_a_time,22932.199546571537,16874.899391911866,98.67462806759153,91.40734063511606,1.0
Latent_supervised,catboost,perishability_base x0.8,one_at_a_time,21121.003943259173,16913.206917689284,98.82416279898804,92.07472932865319,1.0
Latent_supervised,catboost,perishability_multiplier x0.8,one_at_a_time,21796.861532109608,16768.74905809938,98.78321961432421,91.80268299603573,1.0
Latent_supervised,catboost,slow_moving_base x0.8,one_at_a_time,20532.85752748185,16804.249015642756,98.88367829723,92.25755006175105,1.0
Latent_supervised,catboost,slow_moving_multiplier x0.8,one_at_a_time,22369.78919301421,16902.005087520818,98.72157188009788,91.62690878356322,1.0
Latent_supervised,catboost,service_criticality_base x0.8,one_at_a_time,21577.84343359653,17169.115619439573,98.41366497703156,90.48334869783446,1.0
Latent_supervised,catboost,service_criticality_multiplier x0.8,one_at_a_time,22657.04262243446,17100.139092754067,98.58616464189409,91.17778744460006,1.0
Latent_supervised,catboost,perishability_weights[0] x1.2,one_at_a_time,22944.494590367205,16910.270545630498,98.66807289198694,91.40278451812794,1.0
Latent_supervised,catboost,perishability_weights[1] x1.2,one_at_a_time,22988.06259261029,16897.662697755648,98.66942659085134,91.40018978971352,1.0
Latent_supervised,catboost,perishability_weights[2] x1.2,one_at_a_time,22886.281019183025,16878.08370910301,98.67718022502979,91.42041817984094,1.0
Latent_supervised,catboost,slow_moving_weights[0] x1.2,one_at_a_time,22975.905518278276,16942.80428943912,98.66361119396655,91.40532266218398,1.0
Latent_supervised,catboost,slow_moving_weights[1] x1.2,one_at_a_time,22902.96556316434,16846.811419834252,98.6796319760562,91.41009367752906,1.0
Latent_supervised,catboost,criticality_weights[0] x1.2,one_at_a_time,22933.615747120595,16878.47622673099,98.67408769531183,91.4074057429973,1.0
Latent_supervised,catboost,criticality_weights[1] x1.2,one_at_a_time,22946.866258687012,16913.82437500432,98.66864478336899,91.4076084763275,1.0
Latent_supervised,catboost,perishability_base x1.2,one_at_a_time,24735.87328646191,17071.104293366596,98.49803249259648,90.78013986363986,1.0
Latent_supervised,catboost,perishability_multiplier x1.2,one_at_a_time,24114.326296059946,17115.67855108469,98.54865717922353,91.02715319560558,1.0
Latent_supervised,catboost,slow_moving_base x1.2,one_at_a_time,25353.09175492865,17305.92940734625,98.42422452878581,90.6198828243363,1.0
Latent_supervised,catboost,slow_moving_multiplier x1.2,one_at_a_time,23506.49243093423,16913.813490299504,98.61877449174372,91.193542161556,1.0
Latent_supervised,catboost,service_criticality_base x1.2,one_at_a_time,24243.251796486264,16922.935473932244,98.83645801496552,92.13398998696077,1.0
Latent_supervised,catboost,service_criticality_multiplier x1.2,one_at_a_time,23244.0243836395,16755.529959226234,98.74279864543524,91.62037068576855,1.0
Latent_supervised,catboost,joint#0,joint,22879.607734831916,16948.56242252835,98.91484492219493,92.48753600744857,1.0
Latent_supervised,catboost,joint#1,joint,19130.65312381674,16613.045724163607,98.87014577624873,92.07199534236521,1.0
Latent_supervised,catboost,joint#2,joint,22912.107280166172,17974.39028399341,98.1096166856443,89.71512708176758,1.0
Latent_supervised,catboost,joint#3,joint,19655.437753592858,16932.81476510914,99.01880786327165,92.92327938047373,1.0
Latent_supervised,catboost,joint#4,joint,20177.31203062938,16712.21882112287,98.73702664973865,91.56672136333569,1.0
Latent_supervised,catboost,joint#5,joint,24248.18549440322,17241.253450251465,98.49699658134416,90.88912617629501,1.0
Latent_supervised,catboost,joint#6,joint,25058.301141171894,17063.883614849616,98.6001675314731,91.21372195512684,1.0
Latent_supervised,catboost,joint#7,joint,21644.880897371953,16985.024054803776,98.9582704611072,92.69823990442792,1.0
Latent_supervised,catboost,joint#8,joint,21635.15263979968,16998.400460979523,99.03812217070457,93.04990629150045,1.0
Latent_supervised,catboost,joint#9,joint,20235.128128792116,16930.815489866014,98.61580033277144,91.1921107973351,1.0
Latent_supervised,catboost,joint#10,joint,22797.723420747294,17067.99418594753,98.9196454633837,92.58776262354938,1.0
Latent_supervised,catboost,joint#11,joint,23877.637576599227,18981.167013782673,97.73555895258612,88.78073751850586,1.0
Latent_supervised,catboost,joint#12,joint,21675.536273812617,17179.76212406932,98.73858333560558,91.88509868652523,1.0
Latent_supervised,catboost,joint#13,joint,23240.275580876827,17001.455849962185,98.78885250543125,91.98199900676488,1.0
Latent_supervised,catboost,joint#14,joint,29084.55333696757,17853.26298372171,98.21112821163717,90.07009511099554,1.0
Latent_supervised,catboost,joint#15,joint,23892.28778825402,17044.446972655674,98.85616276539427,92.29957667133407,1.0
Latent_supervised,catboost,joint#16,joint,19207.084377822022,16579.291176689356,98.85345490071799,91.97784979606614,1.0
Latent_supervised,catboost,joint#17,joint,23872.393261107325,18250.219019580203,97.9546833616731,89.23399009636111,1.0
Latent_supervised,catboost,joint#18,joint,25349.08455300762,16884.920949560394,98.82863067147696,92.07504953782133,1.0
Latent_supervised,catboost,joint#19,joint,22824.466553710874,17134.296367888677,98.96222055183789,92.81470981806726,1.0
Latent_supervised,catboost,joint#20,joint,19750.52225108834,16730.790057629532,98.62858541503425,91.11363812429254,1.0
Latent_supervised,catboost,joint#21,joint,21087.02536214,16983.54927263746,98.49966081413226,90.72875912065086,1.0
Latent_supervised,catboost,joint#22,joint,21521.782179240698,16690.242655419326,98.66646289749424,91.24918865261984,1.0
Latent_supervised,catboost,joint#23,joint,19965.985618660226,17023.2060303938,98.67517352148198,91.50855298798211,1.0
Latent_supervised,catboost,joint#24,joint,26742.406329986545,17506.572148549105,98.29203950904085,90.18626475635912,1.0
Latent_supervised,catboost,joint#25,joint,23960.249070159112,17200.88245925477,98.54825881590756,91.08224589975629,1.0
Latent_supervised,catboost,joint#26,joint,28464.61767474956,17214.355333837968,98.5016766466433,90.89128241856687,1.0
Latent_supervised,catboost,joint#27,joint,21352.14843841537,16779.610279874345,98.9350911423915,92.4618044236676,1.0
Latent_supervised,catboost,joint#28,joint,21790.835603230003,16748.835471463703,98.79772941822054,91.85168793725408,1.0
Latent_supervised,catboost,joint#29,joint,26894.030997799546,16988.591362495325,98.60275087902374,91.17461566464463,1.0
Latent_supervised,catboost,joint#30,joint,22719.469785696165,16885.201251430808,98.76592169186557,91.80606963960616,1.0
Latent_supervised,catboost,joint#31,joint,26009.064549365212,18113.150036549538,98.0675496922984,89.6270687484218,1.0
Latent_supervised,catboost,joint#32,joint,22002.616688102404,17517.402526149777,98.2771023031857,90.129369798119,1.0
Latent_supervised,catboost,joint#33,joint,18901.25537588537,16983.707190765523,98.9981719758606,92.86863191137721,1.0
Latent_supervised,catboost,joint#34,joint,20727.05685474556,17189.280530474676,99.00333935241005,93.02786081834884,1.0
Latent_supervised,catboost,joint#35,joint,24996.78605025769,17050.804954190484,98.73451203637359,91.78165193648191,1.0
Latent_supervised,catboost,joint#36,joint,17883.472949663046,16566.985154875125,98.76242751553636,91.57892746573613,1.0
Latent_supervised,catboost,joint#37,joint,19883.570145590966,16796.286323596567,98.76827874100749,91.75691022115547,1.0
Latent_supervised,catboost,joint#38,joint,27484.30919878133,17211.446786868197,98.45727019491895,90.69873685721653,1.0
Latent_supervised,catboost,joint#39,joint,24058.430902410688,17146.559611321252,98.5386112766672,91.00462037928185,1.0
Latent_supervised,catboost,joint#40,joint,21651.18220657601,16834.682476126094,98.95576996461992,92.58727926384638,1.0
Latent_supervised,catboost,joint#41,joint,22598.961545371978,17007.14539476044,98.52311293917386,90.8451538038728,1.0
Latent_supervised,catboost,joint#42,joint,25824.058648073846,17793.590089509726,98.29848326857588,90.40526870347158,1.0
Latent_supervised,catboost,joint#43,joint,23726.484808726913,17145.14355287755,98.47318646761728,90.72285237562262,1.0
Latent_supervised,catboost,joint#44,joint,21140.469864017374,16856.482954507825,98.89987398254837,92.36188968936322,1.0
Latent_supervised,catboost,joint#45,joint,23883.451857615233,17112.930961786285,98.5207127779817,90.9053752645683,1.0
Latent_supervised,catboost,joint#46,joint,21579.64049914248,16939.6011874483,98.71426525167331,91.62061049097022,1.0
Latent_supervised,catboost,joint#47,joint,21521.75753545283,16836.008346335613,98.6064749518902,91.08887855199139,1.0
Latent_supervised,catboost,joint#48,joint,25127.046214241065,17911.270136456074,98.26997217945916,90.36134345974509,1.0
Latent_supervised,catboost,joint#49,joint,18945.179901331496,16664.377890502008,98.8116385789035,91.8550853983548,1.0
Latent_supervised,catboost,joint#50,joint,26048.341847544478,17163.917808290676,98.43117550440222,90.5550442098838,1.0
Latent_supervised,catboost,joint#51,joint,21323.830385724115,17017.41255159265,98.81866709236374,92.12061044093939,1.0
Latent_supervised,catboost,joint#52,joint,25962.24989623788,17454.007602869016,98.42433176260474,90.71906190280455,1.0
Latent_supervised,catboost,joint#53,joint,25751.781971762222,16852.47449008491,98.77814086132784,91.83670033716899,1.0
Latent_supervised,catboost,joint#54,joint,20295.83501669631,17055.24988980987,99.01850175757254,93.00358889450408,1.0
Latent_supervised,catboost,joint#55,joint,22042.58896325503,17241.937786457074,98.4126166946786,90.52739724990288,1.0
Latent_supervised,catboost,joint#56,joint,26636.370449871072,17002.949053229313,98.58544202422263,91.1098923814133,1.0
Latent_supervised,catboost,joint#57,joint,22784.043804151253,17677.25544296934,98.19729807106819,89.8933934147304,1.0
Latent_supervised,catboost,joint#58,joint,18135.579464831997,16874.777830684143,98.7861059779145,91.88575802948776,1.0
Latent_supervised,catboost,joint#59,joint,25456.27167986987,17230.270043492055,98.48582488398982,90.8338514481107,1.0
Latent_supervised,catboost,joint#60,joint,18608.36797658694,16989.29172084325,99.04872510978021,93.08934496474068,1.0
Latent_supervised,catboost,joint#61,joint,19659.161895651436,17228.330794363697,98.52955779115526,91.02027407920558,1.0
Latent_supervised,catboost,joint#62,joint,24566.321584077683,16861.680616570353,98.86048124820715,92.19626872747834,1.0
Latent_supervised,catboost,joint#63,joint,24890.81272191681,16841.949591337667,98.79583931722836,91.90565110615036,1.0
Latent_supervised,catboost,joint#64,joint,24451.223534633507,16843.29118570887,98.86670370408952,92.21071785479974,1.0
Latent_supervised,catboost,joint#65,joint,23806.732426809547,16811.920906878553,98.85123184373658,92.12339421946852,1.0
Latent_supervised,catboost,joint#66,joint,26015.94312243184,17884.73643318596,98.20700074613143,90.07336102377676,1.0
Latent_supervised,catboost,joint#67,joint,20779.464984260318,17009.040598173782,98.52948822964703,90.87378203509361,1.0
Latent_supervised,catboost,joint#68,joint,27406.951719165998,17772.577360686842,98.32975017723636,90.52546767468975,1.0
Latent_supervised,catboost,joint#69,joint,19642.63494056551,16637.671513373654,98.74944291518213,91.57031769489349,1.0
Latent_supervised,catboost,joint#70,joint,19776.917150472153,16650.195637360295,98.70602107583075,91.39228684844045,1.0
Latent_supervised,catboost,joint#71,joint,21207.619128914965,16904.150452202124,98.86965913084063,92.26397632511156,1.0
Latent_supervised,catboost,joint#72,joint,22686.42974404002,16937.24321401306,98.51843905807009,90.77849057468198,1.0
Latent_supervised,catboost,joint#73,joint,20554.805300765933,16969.701246931894,98.90857906168668,92.47473350277846,1.0
Latent_supervised,catboost,joint#74,joint,23644.721496105594,17252.09283302917,98.47861930790658,90.81747136385455,1.0
Latent_supervised,catboost,joint#75,joint,22314.0153831466,17102.204319678887,98.61918358427896,91.32089200230602,1.0
Latent_supervised,catboost,joint#76,joint,21100.17900257636,17067.77829649625,98.93358003655564,92.64743029076062,1.0
Latent_supervised,catboost,joint#77,joint,18812.769082939543,16869.067623369152,99.00082622967076,92.8035984296167,1.0
Latent_supervised,catboost,joint#78,joint,22937.54204521558,17519.395149420023,98.21167804840275,89.84987662802482,1.0
Latent_supervised,catboost,joint#79,joint,21384.383648705625,17052.433208779476,98.68576027765842,91.5734794781173,1.0
Latent_supervised,catboost,joint#80,joint,21067.113991025373,16793.711554318834,98.77433039746383,91.78116933106402,1.0
Latent_supervised,catboost,joint#81,joint,25167.129527999845,16999.95292729928,98.65258125727483,91.39607777866155,1.0
Latent_supervised,catboost,joint#82,joint,23854.939745935328,16951.29556314967,98.80945331188036,92.03698398984434,1.0
Latent_supervised,catboost,joint#83,joint,21708.34654649703,16786.306366545476,98.7696199448237,91.75601378725963,1.0
Latent_supervised,catboost,joint#84,joint,23368.543821295047,16684.351119655577,98.53562986536976,90.68368422496707,1.0
Latent_supervised,catboost,joint#85,joint,21814.349200462282,16905.258197087882,98.78426635366442,91.89818202487274,1.0
Latent_supervised,catboost,joint#86,joint,24086.06243016373,16927.575385692813,98.61581240540508,91.19000254744668,1.0
Latent_supervised,catboost,joint#87,joint,22514.674249475054,16618.56470933924,98.84120976200677,91.95147214447933,1.0
Latent_supervised,catboost,joint#88,joint,25172.040830937145,17318.10245391036,98.60487814772732,91.40342063540626,1.0
Latent_supervised,catboost,joint#89,joint,18878.601561479074,16820.779284700933,98.81503239750738,91.97392033690143,1.0
Latent_supervised,catboost,joint#90,joint,25788.939290710685,17210.500515959655,98.47165522563121,90.75985110963293,1.0
Latent_supervised,catboost,joint#91,joint,21880.711224574407,16729.172578647325,98.6600732471736,91.24771553548806,1.0
Latent_supervised,catboost,joint#92,joint,24168.93135700569,17302.752429410408,98.3330460252575,90.22639787553805,1.0
Latent_supervised,catboost,joint#93,joint,21299.291204369372,16819.27656852331,98.66289170641822,91.31988258021451,1.0
Latent_supervised,catboost,joint#94,joint,21668.56370019196,17773.25581237279,98.14241380723955,89.7218130488181,1.0
Latent_supervised,catboost,joint#95,joint,20427.990607605592,16962.322211260325,98.9812329561581,92.78166763048745,1.0
Latent_supervised,catboost,joint#96,joint,21549.702989094814,17026.77481216262,98.96896914890158,92.77199589310361,1.0
Latent_supervised,catboost,joint#97,joint,24496.00242494118,16997.97271918059,98.47689329435238,90.64064935876301,1.0
Latent_supervised,catboost,joint#98,joint,23546.072179269053,17684.692340197143,98.21251609435643,89.96367191339358,1.0
Latent_supervised,catboost,joint#99,joint,18615.259197380845,16738.716647766094,98.66130033088976,91.25934527948995,1.0
Latent_supervised,catboost,joint#100,joint,22722.626730525062,17680.688755279363,98.15772526930863,89.72582331338877,1.0
Latent_supervised,catboost,joint#101,joint,21397.051690394877,17135.843405649008,98.9827776733622,92.9039788413537,1.0
Latent_supervised,catboost,joint#102,joint,24455.742707527585,17162.076708515073,98.41096647161659,90.46707325216966,1.0
Latent_supervised,catboost,joint#103,joint,23630.071757840822,16891.974056163883,98.87194143620852,92.26565510394956,1.0
Latent_supervised,catboost,joint#104,joint,22475.819456768837,17003.80679224645,98.65237400101697,91.39775741257615,1.0
Latent_supervised,catboost,joint#105,joint,19960.196998689556,17244.26766418344,99.18709883104925,93.85327268593159,1.0
Latent_supervised,catboost,joint#106,joint,24795.821421661676,16707.249387376323,98.68474593270597,91.339003041291,1.0
Latent_supervised,catboost,joint#107,joint,20946.432531073668,16792.13587364889,98.75973398388682,91.7174664555105,1.0
Latent_supervised,catboost,joint#108,joint,22553.172509156622,16905.159952304475,98.8349382417964,92.11561629228608,1.0
Latent_supervised,catboost,joint#109,joint,28801.659589149876,17509.74710616935,98.37271812557307,90.5346795237215,1.0
Latent_supervised,catboost,joint#110,joint,21915.252915667756,16870.693945910163,98.97456863784629,92.69197675911504,1.0
Latent_supervised,catboost,joint#111,joint,24818.842308793086,16878.91474708014,98.84696120980678,92.14972586860213,1.0
Latent_supervised,catboost,joint#112,joint,26995.951213403823,17443.03318295723,98.46820367095829,90.9000577237555,1.0
Latent_supervised,catboost,joint#113,joint,25137.643266043364,18232.867477380583,98.0272475845,89.53389098733656,1.0
Latent_supervised,catboost,joint#114,joint,22119.87614470879,16898.390079617737,98.57658355258783,91.00216303811595,1.0
Latent_supervised,catboost,joint#115,joint,24156.473496499988,17064.02482860407,98.53014510094143,90.91325768798116,1.0
Latent_supervised,catboost,joint#116,joint,20497.136207863186,16818.092675991284,98.8916520587823,92.30100507416176,1.0
Latent_supervised,catboost,joint#117,joint,20166.895684098046,16987.194426944636,98.7253552702489,91.69994118317103,1.0
Latent_supervised,catboost,joint#118,joint,23237.884108437105,16819.003511018836,98.82597578756625,92.01970897769912,1.0
Latent_supervised,catboost,joint#119,joint,24486.50584175688,17596.10703667729,98.36666415763641,90.5662672663621,1.0
Latent_supervised,catboost,joint#120,joint,26399.15521702706,16940.00094145838,98.62289082611422,91.22866907083848,1.0
Latent_supervised,catboost,joint#121,joint,26387.865989139704,17189.32944677514,98.46888499432329,90.73384635491918,1.0
Latent_supervised,catboost,joint#122,joint,24813.99796100489,18111.221995637017,98.1586680173194,90.01689204614217,1.0
Latent_supervised,catboost,joint#123,joint,24550.146682671537,17465.312923167516,98.46418247798573,90.89765065234499,1.0
Latent_supervised,catboost,joint#124,joint,17704.895082076342,16715.012833425542,98.82620689996193,91.95137386677277,1.0
Latent_supervised,catboost,joint#125,joint,25852.3117800541,16873.054956391607,98.61964893880082,91.17012320884558,1.0
Latent_supervised,catboost,joint#126,joint,21739.827278850044,17697.74720127375,98.17759634551393,89.82248855209345,1.0
Latent_supervised,catboost,joint#127,joint,26461.020037223112,17003.349903225775,98.59434858327532,91.14838938203438,1.0
Latent_supervised,catboost,joint#128,joint,22213.165209349478,17063.40750971481,99.05005732478789,93.14447377865187,1.0
Latent_supervised,catboost,joint#129,joint,22013.207310819114,16953.849478439093,99.00828833244971,92.89214937062397,1.0
Latent_supervised,catboost,joint#130,joint,23178.23573186875,16996.28495940794,98.81394111820596,92.08624000426644,1.0
Latent_supervised,catboost,joint#131,joint,21831.278561968975,17644.451281189686,98.26330449958782,90.15484443288553,1.0
Latent_supervised,catboost,joint#132,joint,24451.6004150429,17023.69211814989,98.67967089906479,91.52818121293132,1.0
Latent_supervised,catboost,joint#133,joint,24938.768247595697,17051.789456607883,98.48428399553325,90.70825040977573,1.0
Latent_supervised,catboost,joint#134,joint,24049.20158331032,17078.19061656369,98.61210436644264,91.27449662582588,1.0
Latent_supervised,catboost,joint#135,joint,22323.088422011293,17035.080187299893,98.67768430101908,91.5272461521501,1.0
Latent_supervised,catboost,joint#136,joint,27305.14014653805,17592.38817149549,98.28353189936227,90.20695808787598,1.0
Latent_supervised,catboost,joint#137,joint,20917.06279747881,17574.13309818643,98.36853098824363,90.55963100120533,1.0
Latent_supervised,catboost,joint#138,joint,24361.310417520108,16740.24823020494,98.85717617138161,92.10112736858932,1.0
Latent_supervised,catboost,joint#139,joint,22107.668961758798,16986.871457080422,98.60464069093129,91.18158073121174,1.0
Latent_supervised,catboost,joint#140,joint,22183.308568090433,16821.5225880236,98.9183034060947,92.4176876907535,1.0
Latent_supervised,catboost,joint#141,joint,24494.704104203196,17170.06826204901,98.44048317114442,90.59909596069437,1.0
Latent_supervised,catboost,joint#142,joint,19553.934979700556,16956.489200292734,98.59541478854788,91.1217254035263,1.0
Latent_supervised,catboost,joint#143,joint,24775.694621361403,16858.020190231786,98.51690643540317,90.71909672446469,1.0
Latent_supervised,catboost,joint#144,joint,21326.90660468777,17228.779878231544,98.9801688447519,92.95473857255746,1.0
Latent_supervised,catboost,joint#145,joint,19893.986622874087,17334.499550728753,99.0914756760055,93.50298246395958,1.0
Latent_supervised,catboost,joint#146,joint,20243.875926436223,17050.61830393788,99.11303052148615,93.40624851086598,1.0
Latent_supervised,catboost,joint#147,joint,26311.014968705553,17372.24056320222,98.3766269657748,90.45978647301447,1.0
Latent_supervised,catboost,joint#148,joint,26308.07141163443,17000.205036887797,98.65185276818525,91.393118946234,1.0
Latent_supervised,catboost,joint#149,joint,22293.242892910195,16704.404718976846,98.72492407690291,91.50956389302841,1.0
Latent_supervised,catboost,joint#150,joint,20371.21139522772,16539.417418248006,98.92694156496027,92.2666952864013,1.0
Latent_supervised,catboost,joint#151,joint,20903.14828546042,16801.925383571535,98.74093903848573,91.64331894771772,1.0
Latent_supervised,catboost,joint#152,joint,21055.473623268466,16827.414212420237,98.98277664075562,92.69835494692721,1.0
Latent_supervised,catboost,joint#153,joint,24771.328992226783,17023.834624726078,98.59883208989032,91.18129049090055,1.0
Latent_supervised,catboost,joint#154,joint,20091.443204806314,16811.032186752578,98.7014159768977,91.47974467416519,1.0
Latent_supervised,catboost,joint#155,joint,21260.752378361965,16887.769655296514,98.93914423818234,92.55130784248203,1.0
Latent_supervised,catboost,joint#156,joint,26105.718060215895,17488.6659945972,98.40338357828526,90.65225126735793,1.0
Latent_supervised,catboost,joint#157,joint,18230.466906219233,16747.848134416927,98.83508544783052,92.01137360186591,1.0
Latent_supervised,catboost,joint#158,joint,27063.89806295882,18543.66041904367,97.91224501570059,89.24745889807582,1.0
Latent_supervised,catboost,joint#159,joint,22896.668144161195,16777.658431361182,98.7500825832822,91.66638796460369,1.0
Latent_supervised,catboost,joint#160,joint,21499.539533547868,16528.170549384173,98.77661487606339,91.61394769883516,1.0
Latent_supervised,catboost,joint#161,joint,18858.410998121843,16817.073556292322,98.8564676383913,92.14930300504822,1.0
Latent_supervised,catboost,joint#162,joint,19610.96454192103,16853.485485778085,99.02351496602849,92.89059756745046,1.0
Latent_supervised,catboost,joint#163,joint,22085.745178336256,18310.415904160604,98.06153713926517,89.73277154832341,1.0
Latent_supervised,catboost,joint#164,joint,26090.626323822413,17441.68182046768,98.34557656226201,90.37280249596732,1.0
Latent_supervised,catboost,joint#165,joint,21428.94806107614,17051.721593644437,98.97823773450199,92.82841078044696,1.0
Latent_supervised,catboost,joint#166,joint,22959.825385867556,16813.40380308809,98.84351190021728,92.09124637867274,1.0
Latent_supervised,catboost,joint#167,joint,23775.512930143337,16632.901336328316,98.75409215418199,91.58709358052188,1.0
Latent_supervised,catboost,joint#168,joint,26871.615557519784,17898.625284494876,98.17540607699692,89.94700594930568,1.0
Latent_supervised,catboost,joint#169,joint,20277.83852147362,16727.00203162315,98.6727859707519,91.30083553290332,1.0
Latent_supervised,catboost,joint#170,joint,23125.149027825057,17068.35754227965,98.81158150527794,92.12416018816165,1.0
Latent_supervised,catboost,joint#171,joint,21848.97603996274,17073.815958272527,98.78497746169829,92.01360616616287,1.0
Latent_supervised,catboost,joint#172,joint,27060.881923133787,17085.18849838882,98.4990218986489,90.79377617723546,1.0
Latent_supervised,catboost,joint#173,joint,22684.099634134913,17038.195007454924,98.73504561962237,91.77553561332259,1.0
Latent_supervised,catboost,joint#174,joint,19510.91405266977,17190.035973330923,98.55019650750285,91.08333209407454,1.0
Latent_supervised,catboost,joint#175,joint,23166.444621458555,16626.544501733013,98.76771432664006,91.64132636167346,1.0
Latent_supervised,catboost,joint#176,joint,28925.0003743319,17491.8637596907,98.40272479240899,90.6515553934955,1.0
Latent_supervised,catboost,joint#177,joint,25727.76156598267,17607.120505262195,98.25388495469755,90.08952558424677,1.0
Latent_supervised,catboost,joint#178,joint,19634.64279561295,16653.236416478583,98.68814378374474,91.31757904492527,1.0
Latent_supervised,catboost,joint#179,joint,26610.329879388533,17587.010114843986,98.32668451675708,90.38859739346614,1.0
Latent_supervised,catboost,joint#180,joint,20143.16104113942,16860.131798043418,98.79805502619715,91.92728310068476,1.0
Latent_supervised,catboost,joint#181,joint,19082.526404596087,16908.799170825736,98.92802841214655,92.51761487985333,1.0
Latent_supervised,catboost,joint#182,joint,20404.14443589771,16888.72335584098,98.93551222309456,92.5363538858156,1.0
Latent_supervised,catboost,joint#183,joint,19313.927318656133,16869.326349474115,98.98137958983693,92.72029978740487,1.0
Latent_supervised,catboost,joint#184,joint,29140.065087270305,17471.89249872366,98.33731142563325,90.357466368679,1.0
Latent_supervised,catboost,joint#185,joint,19907.721841522653,16932.805334327222,98.7160519212878,91.62374887306942,1.0
Latent_supervised,catboost,joint#186,joint,22203.509240759566,17076.831236361642,98.84125628876559,92.25718287005266,1.0
Latent_supervised,catboost,joint#187,joint,26379.25882187277,17838.632257872043,98.19746467256043,90.00169306427517,1.0
Latent_supervised,catboost,joint#188,joint,22045.314526975177,16997.249454111912,99.04317865707563,93.070842991717,1.0
Latent_supervised,catboost,joint#189,joint,23825.611879380394,16863.841699298446,98.91380971671792,92.42661209610453,1.0
Latent_supervised,catboost,joint#190,joint,25727.4578281083,18407.507780101892,97.9415180687586,89.2823396706053,1.0
Latent_supervised,catboost,joint#191,joint,24811.7396600738,16960.554525796455,98.59197832774935,91.10968524433378,1.0
Latent_supervised,catboost,joint#192,joint,28829.67123765414,17274.28605928134,98.4398879843657,90.66601976235812,1.0
Latent_supervised,catboost,joint#193,joint,25465.56903624655,16943.786194793913,98.55709829103215,90.94879021197771,1.0
Latent_supervised,catboost,joint#194,joint,21641.74270927346,16898.30664769198,98.58331089670232,91.03098330464195,1.0
Latent_supervised,catboost,joint#195,joint,20878.2456574268,16976.35397264707,99.02564005736119,92.98163145588384,1.0
Latent_supervised,catboost,joint#196,joint,19976.73975263699,16743.221993318923,98.82376604273092,91.95970304244834,1.0
Latent_supervised,catboost,joint#197,joint,21135.453920638618,17126.31129302096,99.1344892507864,93.54881815398795,1.0
Latent_supervised,catboost,joint#198,joint,20827.188831170028,16897.85125958242,98.61245232688857,91.15576394408107,1.0
Latent_supervised,catboost,joint#199,joint,27203.38540690195,17336.581177204138,98.34062954020192,90.28150121776015,1.0
Latent_supervised,catboost,joint#200,joint,20607.345452402787,16981.66829616794,99.05756472465961,93.12220510335769,1.0
Latent_supervised,catboost,joint#201,joint,24029.326705865704,17729.06062074664,98.1481012427767,89.71676185915975,1.0
Latent_supervised,catboost,joint#202,joint,23653.523678525937,18034.4457322975,98.07825568666392,89.62055272480369,1.0
Latent_supervised,catboost,joint#203,joint,23385.198177601316,17282.554333697473,98.56315868789807,91.20064877727508,1.0
Latent_supervised,catboost,joint#204,joint,23057.954871188405,16945.98790932696,98.95437935133229,92.65551393410315,1.0
Latent_supervised,catboost,joint#205,joint,20858.778278975966,16835.486474596215,98.7423982718827,91.67195649948177,1.0
Latent_supervised,catboost,joint#206,joint,20237.422378883457,16810.12587114538,98.96562473709905,92.61320799295628,1.0
Latent_supervised,catboost,joint#207,joint,20020.88819824507,16863.075075002133,98.83850238059176,92.10285811794107,1.0
Latent_supervised,catboost,joint#208,joint,19632.57448909092,16489.946123477195,98.8233186175273,91.78893197212504,1.0
Latent_supervised,catboost,joint#209,joint,22460.624903716503,16668.69132944838,98.64732072251824,91.15265683511808,1.0
Latent_supervised,catboost,joint#210,joint,21107.735042155025,17057.435497493163,98.605083656079,91.23052477127904,1.0
Latent_supervised,catboost,joint#211,joint,27420.147404777643,17068.743146240617,98.65415911919203,91.44871060681696,1.0
Latent_supervised,catboost,joint#212,joint,24978.979575952504,19068.072032225766,97.66983436124899,88.5565634724173,1.0
Latent_supervised,catboost,joint#213,joint,25995.732741627096,17198.7793953524,98.46873148638365,90.73948741602838,1.0
Latent_supervised,catboost,joint#214,joint,22808.196503418447,17062.775907275503,98.42144755790541,90.44586085398919,1.0
Latent_supervised,catboost,joint#215,joint,24476.655560209034,18430.000658923935,97.94255014130229,89.3017649048038,1.0
Latent_supervised,catboost,joint#216,joint,20290.758499213298,16619.059252732233,98.62455404527071,91.02184700747262,1.0
Latent_supervised,catboost,joint#217,joint,22909.080190319124,17038.06495438153,98.84438321711869,92.24476044714548,1.0
Latent_supervised,catboost,joint#218,joint,19707.110614522953,16635.980203557872,98.67272770140727,91.23990420374395,1.0
Latent_supervised,catboost,joint#219,joint,20773.950115929332,17035.10959331387,99.01293044213718,92.9662481829363,1.0
Latent_supervised,catboost,joint#220,joint,25003.84679871096,16850.463630866187,98.6525033313742,91.29608376510416,1.0
Latent_supervised,catboost,joint#221,joint,27037.642373793933,17787.833454708838,98.24880341332879,90.1881893017782,1.0
Latent_supervised,catboost,joint#222,joint,23769.76127767047,16943.846749217388,98.85765923858533,92.23893319175913,1.0
Latent_supervised,catboost,joint#223,joint,25212.594404339237,17083.30429947225,98.66281210782904,91.49555940520375,1.0
Latent_supervised,catboost,joint#224,joint,23721.126630753355,17021.16081375661,98.70550385902781,91.63737690800009,1.0
Latent_supervised,catboost,joint#225,joint,19387.684212695636,16527.891124901755,98.65098756654587,91.07452928593757,1.0
Latent_supervised,catboost,joint#226,joint,21590.382587382657,17277.776832114185,98.42492501766714,90.60412116058858,1.0
Latent_supervised,catboost,joint#227,joint,23356.792770483353,17005.269318704177,98.72943460873853,91.72950092150369,1.0
Latent_supervised,catboost,joint#228,joint,25084.69371464821,17387.924210392874,98.56902123260915,91.29605925710013,1.0
Latent_supervised,catboost,joint#229,joint,18967.160154259553,16960.474390921532,98.83368715009946,92.1471225035978,1.0
Latent_supervised,catboost,joint#230,joint,22717.416948569924,17861.251023281322,98.13996924970515,89.76998370896513,1.0
Latent_supervised,catboost,joint#231,joint,19555.09089897047,16742.944732187585,98.53444995885742,90.71768210153976,1.0
Latent_supervised,catboost,joint#232,joint,23340.376653287487,16856.74162390248,98.58507646650573,91.0108516725689,1.0
Latent_supervised,catboost,joint#233,joint,24647.33022952834,17015.277230415653,98.49164931244279,90.7155231943909,1.0
Latent_supervised,catboost,joint#234,joint,23305.566886775672,17011.692072872618,98.93047213131668,92.59669936315214,1.0
Latent_supervised,catboost,joint#235,joint,22044.552964466086,17016.210888670936,98.99825555021468,92.89065977086413,1.0
Latent_supervised,catboost,joint#236,joint,18197.97983473508,16914.53483204827,98.57922103647014,91.0242471210745,1.0
Latent_supervised,catboost,joint#237,joint,20059.800440844705,16747.36236547594,98.72676913479177,91.54612189580754,1.0
Latent_supervised,catboost,joint#238,joint,23950.287774867873,17631.477714665096,98.33547006771332,90.45595282229661,1.0
Latent_supervised,catboost,joint#239,joint,24061.940790617627,17026.906209808494,98.49717098226202,90.74697659987646,1.0
Latent_supervised,catboost,joint#240,joint,22268.682820349095,17155.752752472967,98.45069530087568,90.63338597704642,1.0
Latent_supervised,catboost,joint#241,joint,23182.448950151047,16864.565326982105,98.67786623189963,91.41435048346217,1.0
Latent_supervised,catboost,joint#242,joint,21006.149509634182,17033.60260352098,98.9378647153321,92.6430376913667,1.0
Latent_supervised,catboost,joint#243,joint,20722.42450526524,16816.231602131105,98.80293217915992,91.91895058585304,1.0
Latent_supervised,catboost,joint#244,joint,21611.799833904355,17195.291256862947,98.41912448321915,90.5242330493802,1.0
Latent_supervised,catboost,joint#245,joint,25245.700671395934,17522.69701036897,98.25711080012542,90.0470896027553,1.0
Latent_supervised,catboost,joint#246,joint,22116.094025140315,16832.355569528205,98.68240652302686,91.41236567677127,1.0
Latent_supervised,catboost,joint#247,joint,23360.069744485678,17905.62700553062,98.19239077225433,90.0245774451379,1.0
Latent_supervised,catboost,joint#248,joint,22432.0024107657,16966.41910377669,98.53988568121162,90.889996854797,1.0
Latent_supervised,catboost,joint#249,joint,22738.686007832275,16611.691837389662,98.55111338621055,90.70170487006781,1.0
Latent_supervised,catboost,joint#250,joint,20392.76082619113,16841.78466047212,98.7384075112683,91.65902568381749,1.0
Latent_supervised,catboost,joint#251,joint,21840.99418577407,16962.696704487313,98.52587016082589,90.82735621072534,1.0
Latent_supervised,catboost,joint#252,joint,24004.57343744846,16801.443871938252,98.67258067575206,91.34958223540269,1.0
Latent_supervised,catboost,joint#253,joint,27948.827526975845,17141.670014408377,98.58500809208304,91.20051044826715,1.0
Latent_supervised,catboost,joint#254,joint,20667.854380236255,16888.546380783886,98.77635351580768,91.85307641225432,1.0
Latent_supervised,catboost,joint#255,joint,17182.75467124727,16942.383003809206,98.75765923928128,91.80872574916688,1.0
Latent_supervised,catboost,joint#256,joint,19341.32354661488,17103.967323913945,98.51955230517274,90.89441838980363,1.0
Latent_supervised,catboost,joint#257,joint,25745.71134029857,16815.93549120169,98.77453686692611,91.796871521194,1.0
Latent_supervised,catboost,joint#258,joint,25153.64061127769,17562.468698569333,98.33962044725357,90.4277615527081,1.0
Latent_supervised,catboost,joint#259,joint,24474.315516498064,16955.989091305648,98.56502061591979,90.99093059940404,1.0
Latent_supervised,catboost,joint#260,joint,23401.620185573367,17015.629224824683,98.88743315243893,92.41458722687142,1.0
Latent_supervised,catboost,joint#261,joint,29038.503651168277,17651.429288709296,98.31923330604307,90.39956055726864,1.0
Latent_supervised,catboost,joint#262,joint,25748.781113474157,16838.392602528707,98.60693713039724,91.09245187239155,1.0
Latent_supervised,catboost,joint#263,joint,21448.324943076528,17163.185571003636,98.59374215131596,91.25234349619143,1.0
Latent_supervised,catboost,joint#264,joint,22055.59520272951,16790.91680798978,98.97222870353268,92.62874826264998,1.0
Latent_supervised,catboost,joint#265,joint,27794.82109334868,17001.31115128403,98.60674595258043,91.20024364259714,1.0
Latent_supervised,catboost,joint#266,joint,25033.037393088827,16881.987274981904,98.58253890502301,91.01679009048011,1.0
Latent_supervised,catboost,joint#267,joint,23242.286122964062,17239.949613930527,98.49919335601996,90.89768620350665,1.0
Latent_supervised,catboost,joint#268,joint,21647.557748623603,16793.26369006743,98.66563086025839,91.31429797551785,1.0
Latent_supervised,catboost,joint#269,joint,21903.674460310882,16939.398003378792,98.49043170026977,90.65971066663455,1.0
Latent_supervised,catboost,joint#270,joint,22357.49880903153,16962.10650327627,98.66492385510644,91.42382516135635,1.0
Latent_supervised,catboost,joint#271,joint,19562.57736673129,17035.600485366307,98.59184428415053,91.15914052654261,1.0
Latent_supervised,catboost,joint#272,joint,24031.29253352265,17025.27577875858,98.84403137607652,92.23472411707482,1.0
Latent_supervised,catboost,joint#273,joint,18973.807297599495,16813.381665493784,98.76930564746938,91.77271492294761,1.0
Latent_supervised,catboost,joint#274,joint,23102.491279265007,17427.232981675068,98.36499560760686,90.44652261878329,1.0
Latent_supervised,catboost,joint#275,joint,23631.69208998089,17122.514832514364,98.6490181496606,91.4624917311039,1.0
Latent_supervised,catboost,joint#276,joint,25165.29181531891,16867.962018182618,98.78488597952044,91.87597753567326,1.0
Latent_supervised,catboost,joint#277,joint,26261.26332487836,17472.722864859294,98.38341276740198,90.55590148005508,1.0
Latent_supervised,catboost,joint#278,joint,22887.8912975137,17008.550322633862,98.6493635964313,91.38799815793747,1.0
Latent_supervised,catboost,joint#279,joint,19245.17101635757,16861.365767802643,98.65229851343967,91.30247271306628,1.0
Latent_supervised,catboost,joint#280,joint,23001.83320115406,17265.574300051914,98.44407205393516,90.6781712722705,1.0
Latent_supervised,catboost,joint#281,joint,23939.87537283366,17097.39637407761,98.7968070094605,92.08010260230955,1.0
Latent_supervised,catboost,joint#282,joint,21427.67294043055,17590.65195534015,98.24372526705557,90.03493795958953,1.0
Latent_supervised,catboost,joint#283,joint,20205.484924456774,17194.546795713773,98.38836746129842,90.39171787993656,1.0
Latent_supervised,catboost,joint#284,joint,25077.81307871483,16930.378467387924,98.65190376398688,91.34678679000385,1.0
Latent_supervised,catboost,joint#285,joint,20243.513528169107,17241.350688624287,99.11403002415344,93.53769361543405,1.0
Latent_supervised,catboost,joint#286,joint,23534.310977947775,16800.700393539948,98.9472940575585,92.52824326933057,1.0
Latent_supervised,catboost,joint#287,joint,24816.651489717893,16913.60932520309,98.6425648293215,91.29552170176393,1.0
Latent_supervised,catboost,joint#288,joint,22113.523759935757,17003.931968390225,98.97813155735713,92.79609528440358,1.0
Latent_supervised,catboost,joint#289,joint,20101.18146952225,16758.668436367698,98.75544049431578,91.67672581601752,1.0
Latent_supervised,catboost,joint#290,joint,20386.136209782908,17022.436388219743,98.51827446002737,90.83457951731559,1.0
Latent_supervised,catboost,joint#291,joint,20199.035420127875,16824.69433318086,98.77920180223681,91.8227341263673,1.0
Latent_supervised,catboost,joint#292,joint,20330.28845417284,17417.074403237624,98.32856102464827,90.28336148419456,1.0
Latent_supervised,catboost,joint#293,joint,21936.134677520015,17071.71659598425,98.35013736672677,90.14573542765345,1.0
Latent_supervised,catboost,joint#294,joint,24814.756044577825,17642.149594137256,98.1748642174304,89.7736963231638,1.0
Latent_supervised,catboost,joint#295,joint,19337.756081448704,16807.603214781768,98.94654066136349,92.529611335501,1.0
Latent_supervised,catboost,joint#296,joint,22913.898851252317,17073.822252492064,98.84348055731738,92.2647241446399,1.0
Latent_supervised,catboost,joint#297,joint,24596.751245628904,17416.823287349314,98.45557472717617,90.82837704062462,1.0
Latent_supervised,catboost,joint#298,joint,27862.746410781627,18803.483491654075,97.75509208879181,88.74612423314267,1.0
Latent_supervised,catboost,joint#299,joint,23821.193311412193,17497.799097127136,98.41785493018395,90.7204556198895,1.0
Latent_supervised,lightgbm,default,reference,20129.123561878725,15173.401845195636,98.69213430257638,90.34815123251025,1.0
Latent_supervised,lightgbm,flat,reference,15396.963995832615,15396.963995832615,98.8868930479238,91.33315877487541,1.0
Latent_supervised,lightgbm,perishability_weights[0] x0.8,one_at_a_time,20143.389684210415,15157.336610001421,98.69441496688547,90.34723040796771,1.0
Latent_supervised,lightgbm,perishability_weights[1] x0.8,one_at_a_time,20079.469232833966,15187.361771597978,98.69286287188112,90.36058509990714,1.0
Latent_supervised,lightgbm,perishability_weights[2] x0.8,one_at_a_time,20163.336148755974,15175.13244891954,98.68927530463631,90.3370332452864,1.0
Latent_supervised,lightgbm,slow_moving_weights[0] x0.8,one_at_a_time,20133.1180578248,15153.842281682286,98.69517786258504,90.34817544528936,1.0
Latent_supervised,lightgbm,slow_moving_weights[1] x0.8,one_at_a_time,20126.267031952426,15193.525653602863,98.68903840019763,90.34827851299309,1.0
Latent_supervised,lightgbm,criticality_weights[0] x0.8,one_at_a_time,20123.782785300362,15179.843701095306,98.69130638281113,90.34889210972814,1.0
Latent_supervised,lightgbm,criticality_weights[1] x0.8,one_at_a_time,20133.630879156382,15167.600630129886,98.69282653128303,90.34725502025887,1.0
Latent_supervised,lightgbm,perishability_base x0.8,one_at_a_time,18683.88813831044,15203.492421335213,98.81569797176527,90.89858594979586,1.0
Latent_supervised,lightgbm,perishability_multiplier x0.8,one_at_a_time,19300.523098406924,15145.764602993868,98.7717580172573,90.67149656106838,1.0
Latent_supervised,lightgbm,slow_moving_base x0.8,one_at_a_time,18308.85043461949,15203.331053017351,98.849711953799,91.04447713543107,1.0
Latent_supervised,lightgbm,slow_moving_multiplier x0.8,one_at_a_time,19668.1208808588,15171.421788638996,98.73510187879513,90.531261616268,1.0
Latent_supervised,lightgbm,service_criticality_base x0.8,one_at_a_time,18661.079224501642,15344.075412763359,98.48702710264021,89.58154866349086,1.0
Latent_supervised,lightgbm,service_criticality_multiplier x0.8,one_at_a_time,19752.365836342906,15242.54660478537,98.63866537628853,90.16474220291047,1.0
Latent_supervised,lightgbm,perishability_weights[0] x1.2,one_at_a_time,20116.874485713506,15186.707098191433,98.69026692146153,90.34900601105086,1.0
Latent_supervised,lightgbm,perishability_weights[1] x1.2,one_at_a_time,20172.248828204854,15161.194338755486,98.69149450538384,90.3372666830592,1.0
Latent_supervised,lightgbm,perishability_weights[2] x1.2,one_at_a_time,20097.2102280272,15171.986076400186,98.69476443991057,90.35849676761093,1.0
Latent_supervised,lightgbm,slow_moving_weights[0] x1.2,one_at_a_time,20126.774380845734,15189.879474369996,98.6895969046503,90.34824500452157,1.0
Latent_supervised,lightgbm,slow_moving_weights[1] x1.2,one_at_a_time,20132.24663174102,15157.307445387583,98.69463579331435,90.34815882173949,1.0
Latent_supervised,lightgbm,criticality_weights[0] x1.2,one_at_a_time,20132.86158490117,15168.608561129882,98.69271011916959,90.34742729666397,1.0
Latent_supervised,lightgbm,criticality_weights[1] x1.2,one_at_a_time,20124.80285356736,15178.604220236217,98.6914707877094,90.34877146695592,1.0
Latent_supervised,lightgbm,perishability_base x1.2,one_at_a_time,21513.234126627984,15269.233913800785,98.55669076700161,89.83067280266992,1.0
Latent_supervised,lightgbm,perishability_multiplier x1.2,one_at_a_time,20954.415647828057,15259.051555880636,98.60629342967184,90.03679487427145,1.0
Latent_supervised,lightgbm,slow_moving_base x1.2,one_at_a_time,21878.224316171738,15355.581667703063,98.51351778549798,89.70292588605375,1.0
Latent_supervised,lightgbm,slow_moving_multiplier x1.2,one_at_a_time,20586.99074970011,15194.802563885838,98.64717940376853,90.16945773999095,1.0
Latent_supervised,lightgbm,service_criticality_base x1.2,one_at_a_time,21488.32312168918,15213.06237661212,98.82616311931007,90.94988564183133,1.0
Latent_supervised,lightgbm,service_criticality_multiplier x1.2,one_at_a_time,20515.434397676792,15139.461827095283,98.73704852825664,90.51831061016682,1.0
Latent_supervised,lightgbm,joint#0,joint,20412.83925093995,15257.202017613536,98.88651364217516,91.23835559330594,1.0
Latent_supervised,lightgbm,joint#1,joint,17102.649340995813,15116.561078981069,98.82401676183153,90.87633859853524,1.0
Latent_supervised,lightgbm,joint#2,joint,19493.507159299737,15809.690072892674,98.27194171806364,88.96874396640226,1.0
Latent_supervised,lightgbm,joint#3,joint,17697.227674325775,15356.9301096294,98.9550054221808,91.59882936165415,1.0
Latent_supervised,lightgbm,joint#4,joint,17790.622568169914,15124.738552936225,98.7281378302418,90.47024756103654,1.0
Latent_supervised,lightgbm,joint#5,joint,20947.068768983325,15323.515688829344,98.5711950400259,89.92911757807975,1.0
Latent_supervised,lightgbm,joint#6,joint,21889.799097830517,15248.431329166586,98.64778919500554,90.20782766695471,1.0
Latent_supervised,lightgbm,joint#7,joint,19343.07029955534,15317.84465387735,98.91879213525924,91.4173335147434,1.0
Latent_supervised,lightgbm,joint#8,joint,19510.45873016768,15402.223554521253,98.97347802793904,91.70831525566743,1.0
Latent_supervised,lightgbm,joint#9,joint,17707.291121742604,15191.147766974325,98.64727601317958,90.16743588685218,1.0
Latent_supervised,lightgbm,joint#10,joint,20281.572691023674,15320.255004936003,98.89852265824035,91.33193741182669,1.0
Latent_supervised,lightgbm,joint#11,joint,20100.271982154023,16494.958396452712,97.98173114327406,88.17991397748003,1.0
Latent_supervised,lightgbm,joint#12,joint,18956.45402733123,15291.746765509783,98.77117910349044,90.76633312183293,1.0
Latent_supervised,lightgbm,joint#13,joint,20496.975452269326,15236.77429021549,98.79616177416992,90.83691832587452,1.0
Latent_supervised,lightgbm,joint#14,joint,24828.39279670301,15586.960946881167,98.37069210267704,89.24412575339294,1.0
Latent_supervised,lightgbm,joint#15,joint,21159.926280508593,15244.924135608533,98.85109312392267,91.07813427599044,1.0
Latent_supervised,lightgbm,joint#16,joint,17148.228215826075,15114.934949719322,98.80494585194806,90.79339613781404,1.0
Latent_supervised,lightgbm,joint#17,joint,20270.84152446018,15996.716945224467,98.14434240714974,88.54573196459988,1.0
Latent_supervised,lightgbm,joint#18,joint,22460.35003981167,15201.428379363932,98.81673576867937,90.90166447427299,1.0
Latent_supervised,lightgbm,joint#19,joint,20365.294369025185,15366.778751779275,98.9334668741885,91.51294486562628,1.0
Latent_supervised,lightgbm,joint#20,joint,17350.4224690791,15128.776966603396,98.63889821262892,90.0898951846407,1.0
Latent_supervised,lightgbm,joint#21,joint,18404.846880788857,15308.3568145471,98.54129066614593,89.79065263483892,1.0
Latent_supervised,lightgbm,joint#22,joint,18969.99190639712,15160.501698958287,98.6638518854662,90.21815405920866,1.0
Latent_supervised,lightgbm,joint#23,joint,17482.179441036227,15209.776163506383,98.70669245619223,90.43488897597494,1.0
Latent_supervised,lightgbm,joint#24,joint,22956.30550450219,15469.234067569396,98.40926340419782,89.33120138774787,1.0
Latent_supervised,lightgbm,joint#25,joint,20811.358192198844,15293.567265013367,98.61373046786659,90.09172746620091,1.0
Latent_supervised,lightgbm,joint#26,joint,24769.22634923543,15206.85810987503,98.58072019504387,89.89223083552099,1.0
Latent_supervised,lightgbm,joint#27,joint,19147.455388459784,15222.425451903087,98.88517240395348,91.20941419768151,1.0
Latent_supervised,lightgbm,joint#28,joint,19289.352204796705,15139.898995947113,98.780993805849,90.70722908092904,1.0
Latent_supervised,lightgbm,joint#29,joint,23464.862474866,15203.316129592076,98.641787936247,90.15199156733036,1.0
Latent_supervised,lightgbm,joint#30,joint,19995.225063565835,15159.43966383401,98.76803479764551,90.66463203261401,1.0
Latent_supervised,lightgbm,joint#31,joint,21968.233320170046,15817.304346439028,98.2502579782429,88.88074668207483,1.0
Latent_supervised,lightgbm,joint#32,joint,18839.830826759764,15494.60359582978,98.39632748914526,89.29258936945318,1.0
Latent_supervised,lightgbm,joint#33,joint,17016.132052675966,15318.733411585445,98.94644918452762,91.53663881920316,1.0
Latent_supervised,lightgbm,joint#34,joint,18544.772203994973,15451.809220683908,98.96516399378014,91.70568590332513,1.0
Latent_supervised,lightgbm,joint#35,joint,21970.920305355667,15225.524497847593,98.75915212053286,90.67056133016992,1.0
Latent_supervised,lightgbm,joint#36,joint,15884.281514129654,15113.979075158892,98.73135695851533,90.476892092139,1.0
Latent_supervised,lightgbm,joint#37,joint,17531.034841080305,15128.159587237311,98.76234300715964,90.61934768397384,1.0
Latent_supervised,lightgbm,joint#38,joint,23733.75364683916,15297.808325816844,98.53652514750432,89.76316519637565,1.0
Latent_supervised,lightgbm,joint#39,joint,20939.974549387483,15277.933998816095,98.59937279672263,90.01967762496432,1.0
Latent_supervised,lightgbm,joint#40,joint,19432.043502171393,15252.236100547107,98.90511054854034,91.31486878351676,1.0
Latent_supervised,lightgbm,joint#41,joint,19730.921849797553,15219.107448147868,98.57567817739323,89.87875512723028,1.0
Latent_supervised,lightgbm,joint#42,joint,22033.207862965788,15545.293639091127,98.44508766805137,89.53567683517295,1.0
Latent_supervised,lightgbm,joint#43,joint,20631.97175220365,15331.314877027447,98.53726265576213,89.78866851579077,1.0
Latent_supervised,lightgbm,joint#44,joint,18830.435727431774,15234.241277725432,98.86574368890216,91.13389722744814,1.0
Latent_supervised,lightgbm,joint#45,joint,20784.875989580818,15290.297201597483,98.58126980500512,89.9502159963839,1.0
Latent_supervised,lightgbm,joint#46,joint,18958.949564563,15156.926658243472,98.73447079360916,90.51888937886658,1.0
Latent_supervised,lightgbm,joint#47,joint,18803.12726393535,15137.394534403447,98.63224559336395,90.06708508470946,1.0
Latent_supervised,lightgbm,joint#48,joint,21339.37123387395,15604.938531932072,98.42859030092552,89.50462818166939,1.0
Latent_supervised,lightgbm,joint#49,joint,16826.234237357974,15137.295056091783,98.78321928635876,90.7150455869659,1.0
Latent_supervised,lightgbm,joint#50,joint,22583.327238633705,15365.046227802019,98.49962172976025,89.64958932827929,1.0
Latent_supervised,lightgbm,joint#51,joint,18856.44435293701,15217.876877744764,98.82243296044659,90.93708428810983,1.0
Latent_supervised,lightgbm,joint#52,joint,22337.48743196517,15377.787791079509,98.52970902336352,89.7872278801332,1.0
Latent_supervised,lightgbm,joint#53,joint,22727.405446061748,15187.479616055389,98.77415515652227,90.70959584936429,1.0
Latent_supervised,lightgbm,joint#54,joint,18289.038581549023,15371.057173762892,98.96685564105213,91.65911229028865,1.0
Latent_supervised,lightgbm,joint#55,joint,19046.981188839047,15382.17881573499,98.49019329952552,89.62054125017323,1.0
Latent_supervised,lightgbm,joint#56,joint,23288.340725247876,15193.269666109463,98.63060669691404,90.09730051080828,1.0
Latent_supervised,lightgbm,joint#57,joint,19519.58528503155,15639.183124339856,98.3305574856405,89.10667007336201,1.0
Latent_supervised,lightgbm,joint#58,joint,16016.764339254478,15170.908190209153,98.78240578617445,90.73396254306256,1.0
Latent_supervised,lightgbm,joint#59,joint,22106.389307019126,15298.943792773494,98.56334133898545,89.8790257462052,1.0
Latent_supervised,lightgbm,joint#60,joint,16823.459640995854,15405.460879902672,98.97997277660417,91.73835098719395,1.0
Latent_supervised,lightgbm,joint#61,joint,16996.67189904796,15290.28098188047,98.59854659778125,90.02436263994555,1.0
Latent_supervised,lightgbm,joint#62,joint,21848.619203759903,15217.591195009642,98.83818869448872,91.00452242468562,1.0
Latent_supervised,lightgbm,joint#63,joint,22030.199032662204,15187.781932159867,98.78760059550932,90.76750946838321,1.0
Latent_supervised,lightgbm,joint#64,joint,21800.149284506813,15169.643935133536,98.84229319982799,90.99017541933638,1.0
Latent_supervised,lightgbm,joint#65,joint,21204.045587753448,15169.565072471996,98.82924551877781,90.93411807209681,1.0
Latent_supervised,lightgbm,joint#66,joint,22089.086704210757,15654.65422332242,98.36540149841613,89.26654565822516,1.0
Latent_supervised,lightgbm,joint#67,joint,18120.929832641406,15233.792393314578,98.57908218657178,89.90315617425712,1.0
Latent_supervised,lightgbm,joint#68,joint,23357.31419082183,15545.211651632399,98.47196108324734,89.65097137100102,1.0
Latent_supervised,lightgbm,joint#69,joint,17385.205930409356,15121.059837121787,98.72768803194981,90.46586440735256,1.0
Latent_supervised,lightgbm,joint#70,joint,17435.20052740851,15098.042647519174,98.69826203445714,90.32421392992605,1.0
Latent_supervised,lightgbm,joint#71,joint,18855.090162250614,15204.961401633642,98.84864190534212,91.04097104823248,1.0
Latent_supervised,lightgbm,joint#72,joint,19767.07097857529,15192.876449144522,98.56346434499577,89.80884216447085,1.0
Latent_supervised,lightgbm,joint#73,joint,18244.665219334558,15299.517692422349,98.8795239271041,91.23656397627354,1.0
Latent_supervised,lightgbm,joint#74,joint,20476.335289098923,15304.925901440296,98.55738906766683,89.85746478832132,1.0
Latent_supervised,lightgbm,joint#75,joint,19475.602066756797,15189.347435752496,98.6702080813065,90.26466735248219,1.0
Latent_supervised,lightgbm,joint#76,joint,18808.601375815553,15320.588937893213,98.90902494752847,91.37723917975377,1.0
Latent_supervised,lightgbm,joint#77,joint,16973.144308691528,15301.642389620356,98.93818346540743,91.4897657248635,1.0
Latent_supervised,lightgbm,joint#78,joint,19724.188670767522,15582.053612823976,98.33048334566753,89.06826550014786,1.0
Latent_supervised,lightgbm,joint#79,joint,18704.352702910142,15216.551252864174,98.71805416000737,90.48817372702561,1.0
Latent_supervised,lightgbm,joint#80,joint,18624.189666246955,15145.225649358521,98.7676110248012,90.6533370559388,1.0
Latent_supervised,lightgbm,joint#81,joint,22054.58071929026,15215.740909682336,98.68438295514946,90.34310604173267,1.0
Latent_supervised,lightgbm,joint#82,joint,21103.84850275816,15207.111415390518,98.80867023223966,90.87083333261403,1.0
Latent_supervised,lightgbm,joint#83,joint,19170.152229487874,15152.393638952179,98.76050374724528,90.62760903341032,1.0
Latent_supervised,lightgbm,joint#84,joint,20535.38060943145,15165.844829549525,98.54958996538795,89.73126786103633,1.0
Latent_supervised,lightgbm,joint#85,joint,19213.293489340853,15182.852278324328,98.78492626151562,90.75274394549301,1.0
Latent_supervised,lightgbm,joint#86,joint,21123.302575681988,15179.629711189838,98.64911788135544,90.16766306351892,1.0
Latent_supervised,lightgbm,joint#87,joint,20081.449333662884,15159.31000360072,98.79879949253045,90.79659738925751,1.0
Latent_supervised,lightgbm,joint#88,joint,21813.201574718805,15281.000417314172,98.6783073281909,90.36053386841962,1.0
Latent_supervised,lightgbm,joint#89,joint,16706.05746484232,15184.376549543751,98.80054156006388,90.82078592449962,1.0
Latent_supervised,lightgbm,joint#90,joint,22257.777942518784,15341.526361154443,98.54560942180271,89.8313031305773,1.0
Latent_supervised,lightgbm,joint#91,joint,19241.255525150355,15101.144310406962,98.66614764030497,90.18843657241901,1.0
Latent_supervised,lightgbm,joint#92,joint,20853.89518941498,15404.196433709521,98.42723585094197,89.36498638864477,1.0
Latent_supervised,lightgbm,joint#93,joint,18668.268555933962,15174.339353711046,98.67629614982964,90.28079387931747,1.0
Latent_supervised,lightgbm,joint#94,joint,18494.467298637006,15688.743665010199,98.28586802246097,88.94788912913121,1.0
Latent_supervised,lightgbm,joint#95,joint,18313.361568896245,15317.690666667631,98.93350061267206,91.48036429178981,1.0
Latent_supervised,lightgbm,joint#96,joint,19320.319148467206,15317.339871356195,98.9309720693498,91.46927712090302,1.0
Latent_supervised,lightgbm,joint#97,joint,21271.852278419876,15273.554398458566,98.52705838901255,89.70636159107862,1.0
Latent_supervised,lightgbm,joint#98,joint,20037.84854962812,15552.08244454854,98.3527467551751,89.14384631354942,1.0
Latent_supervised,lightgbm,joint#99,joint,16396.27757808364,15106.47883674475,98.66861693875205,90.20259193292206,1.0
Latent_supervised,lightgbm,joint#100,joint,19410.60833442867,15658.69055080889,98.29123745946147,88.95090104083381,1.0
Latent_supervised,lightgbm,joint#101,joint,19149.682005680923,15396.596402499548,98.94769334299697,91.59388780130756,1.0
Latent_supervised,lightgbm,joint#102,joint,21250.65655506314,15339.874040615934,98.48357078555546,89.56391214307293,1.0
Latent_supervised,lightgbm,joint#103,joint,21039.401225473135,15197.522996436484,98.85067542159008,91.04474060607309,1.0
Latent_supervised,lightgbm,joint#104,joint,19669.463917782563,15232.690777489017,98.68433929852436,90.35421856556671,1.0
Latent_supervised,lightgbm,joint#105,joint,18340.887061447538,15636.790895408802,99.08763581633573,92.35469480206025,1.0
Latent_supervised,lightgbm,joint#106,joint,21866.18779626825,15133.542564228756,98.68448567268517,90.28874804090138,1.0
Latent_supervised,lightgbm,joint#107,joint,18502.925141676234,15139.824444304017,98.75527176597548,90.59677225259459,1.0
Latent_supervised,lightgbm,joint#108,joint,19961.533440239335,15204.074839704273,98.82389196358551,90.93414543215671,1.0
Latent_supervised,lightgbm,joint#109,joint,24800.590081559913,15422.610101427745,98.48832300132571,89.63946752946099,1.0
Latent_supervised,lightgbm,joint#110,joint,19651.526154260708,15315.00485233183,98.91876694371383,91.41533218363581,1.0
Latent_supervised,lightgbm,joint#111,joint,22068.9796756598,15174.751220665577,98.83139842895959,90.94681647537524,1.0
Latent_supervised,lightgbm,joint#112,joint,23307.83689670043,15372.712095874354,98.56576546914309,89.93860974797184,1.0
Latent_supervised,lightgbm,joint#113,joint,21300.130770162094,15871.64141771448,98.22268033639298,88.79859943868243,1.0
Latent_supervised,lightgbm,joint#114,joint,19372.378686381042,15172.203663490625,98.61283732413392,90.00698474324832,1.0
Latent_supervised,lightgbm,joint#115,joint,20980.071230985952,15283.143681943264,98.58390708028683,89.95676700257289,1.0
Latent_supervised,lightgbm,joint#116,joint,18263.175990069154,15201.096123869993,98.85710250969701,91.07470978512737,1.0
Latent_supervised,lightgbm,joint#117,joint,17714.930398830642,15203.612095394059,98.74522371277948,90.59616793228115,1.0
Latent_supervised,lightgbm,joint#118,joint,20604.743818934956,15144.740836643006,98.81053051649667,90.83723787494803,1.0
Latent_supervised,lightgbm,joint#119,joint,21007.577102725103,15441.644358731359,98.4888228039668,89.65430234527972,1.0
Latent_supervised,lightgbm,joint#120,joint,23058.763081873778,15212.548278835104,98.65434395343627,90.21204072889212,1.0
Latent_supervised,lightgbm,joint#121,joint,22873.63580526317,15251.001493868474,98.54625904468226,89.77374160583263,1.0
Latent_supervised,lightgbm,joint#122,joint,20990.950495711862,15701.070283623154,98.34419943461845,89.20648373750834,1.0
Latent_supervised,lightgbm,joint#123,joint,21131.46146326778,15324.084955938404,98.5691401026262,89.92067664849152,1.0
Latent_supervised,lightgbm,joint#124,joint,15744.897442731779,15167.45023847566,98.79697412689382,90.79418916610011,1.0
Latent_supervised,lightgbm,joint#125,joint,22702.462443345772,15175.708513245921,98.64644444651537,90.15357370400812,1.0
Latent_supervised,lightgbm,joint#126,joint,18606.409260460376,15680.129040208507,98.30758896437649,89.03537919577406,1.0
Latent_supervised,lightgbm,joint#127,joint,23081.35065221519,15221.906617827972,98.63457525940865,90.1334261368541,1.0
Latent_supervised,lightgbm,joint#128,joint,20091.21893046259,15391.136194484418,98.98799279026433,91.76322563109643,1.0
Latent_supervised,lightgbm,joint#129,joint,19810.118384460086,15331.0273887267,98.95105766313084,91.56461585111373,1.0
Latent_supervised,lightgbm,joint#130,joint,20509.3064095926,15200.62743828174,98.81757352229998,90.90472641694959,1.0
Latent_supervised,lightgbm,joint#131,joint,18661.864470317545,15578.635973514669,98.38986641855757,89.3208779969268,1.0
Latent_supervised,lightgbm,joint#132,joint,21406.156985855792,15221.674420896565,98.71038410158891,90.45866685673599,1.0
Latent_supervised,lightgbm,joint#133,joint,21640.14927777428,15248.082749794405,98.5452572099936,89.76749558523306,1.0
Latent_supervised,lightgbm,joint#134,joint,20945.05619414211,15212.323013652047,98.66139320328871,90.24214816111214,1.0
Latent_supervised,lightgbm,joint#135,joint,19551.053338679532,15221.370267529308,98.71077728485807,90.46015175472185,1.0
Latent_supervised,lightgbm,joint#136,joint,23362.234914224973,15528.888213898837,98.40808842215336,89.3659274242251,1.0
Latent_supervised,lightgbm,joint#137,joint,17914.51815327274,15490.687297813955,98.4835673511319,89.66443957290649,1.0
Latent_supervised,lightgbm,joint#138,joint,21715.50204578427,15140.298594437316,98.82585865165383,90.90006958227582,1.0
Latent_supervised,lightgbm,joint#139,joint,19264.10734873714,15221.064827973407,98.64140467477988,90.16217895353168,1.0
Latent_supervised,lightgbm,joint#140,joint,19842.15234607659,15249.973875020056,98.87640716737607,91.19015664654611,1.0
Latent_supervised,lightgbm,joint#141,joint,21226.53784056664,15331.09769442862,98.5124367822538,89.68196322951754,1.0
Latent_supervised,lightgbm,joint#142,joint,17092.695242366113,15208.164013742935,98.6330813679194,90.11785214622716,1.0
Latent_supervised,lightgbm,joint#143,joint,21643.574101755978,15203.376278342565,98.55308076175695,89.77127242854013,1.0
Latent_supervised,lightgbm,joint#144,joint,19043.026013551098,15423.29667287425,98.95282783728935,91.63372685434642,1.0
Latent_supervised,lightgbm,joint#145,joint,17970.768307623388,15582.003855767209,99.03426850610848,92.0891007412312,1.0
Latent_supervised,lightgbm,joint#146,joint,18443.287720430395,15470.449549469555,99.02727625949038,91.98471827059436,1.0
Latent_supervised,lightgbm,joint#147,joint,22721.120069551234,15400.423238862513,98.47398724661345,89.56314269623289,1.0
Latent_supervised,lightgbm,joint#148,joint,23016.861029794585,15190.077207670452,98.68811954513623,90.34203553261575,1.0
Latent_supervised,lightgbm,joint#149,joint,19705.474360480348,15079.547749211022,98.72093442564946,90.40920106866422,1.0
Latent_supervised,lightgbm,joint#150,joint,18363.16280087236,15128.980432822184,98.85780132552048,91.02963219620922,1.0
Latent_supervised,lightgbm,joint#151,joint,18409.92682221457,15169.308252927845,98.73838777988927,90.54395671880434,1.0
Latent_supervised,lightgbm,joint#152,joint,18935.59990975134,15304.090507848463,98.92096102241878,91.41747363344658,1.0
Latent_supervised,lightgbm,joint#153,joint,21646.238890621877,15232.815127682821,98.64088000635695,90.16776044392456,1.0
Latent_supervised,lightgbm,joint#154,joint,17666.232454145476,15143.83440823933,98.70957110495348,90.4032838763739,1.0
Latent_supervised,lightgbm,joint#155,joint,18998.031810967637,15279.38349060652,98.89574126595448,91.29275112057037,1.0
Latent_supervised,lightgbm,joint#156,joint,22471.533518393684,15429.302334289245,98.51236558883777,89.74712740477503,1.0
Latent_supervised,lightgbm,joint#157,joint,16166.109775989418,15171.374338187205,98.8077853652199,90.84321048547626,1.0
Latent_supervised,lightgbm,joint#158,joint,22898.081769110075,16131.970263587347,98.12969304266535,88.57302113969989,1.0
Latent_supervised,lightgbm,joint#159,joint,20268.67526044082,15163.975182375896,98.74330108584329,90.56149080094777,1.0
Latent_supervised,lightgbm,joint#160,joint,19130.43037273659,15093.10359864764,98.7416298460508,90.50706958890531,1.0
Latent_supervised,lightgbm,joint#161,joint,16711.463468729973,15222.90381543435,98.82887681940329,90.96809465979082,1.0
Latent_supervised,lightgbm,joint#162,joint,17758.007692857973,15294.084706479507,98.95387992898567,91.5521014535992,1.0
Latent_supervised,lightgbm,joint#163,joint,18630.445119247754,15879.047382591087,98.26164257845528,88.97077500956408,1.0
Latent_supervised,lightgbm,joint#164,joint,22385.507458074477,15463.574343463075,98.4490550267017,89.49822646237403,1.0
Latent_supervised,lightgbm,joint#165,joint,19202.900739358873,15346.875999001128,98.937723462272,91.51794698556196,1.0
Latent_supervised,lightgbm,joint#166,joint,20405.790773012945,15179.896910010651,98.82191073413286,90.90952274917842,1.0
Latent_supervised,lightgbm,joint#167,joint,21074.398646549755,15109.098856968347,98.73371078405056,90.48374197671158,1.0
Latent_supervised,lightgbm,joint#168,joint,22900.616076459573,15692.216433755377,98.33324713196285,89.15357042532787,1.0
Latent_supervised,lightgbm,joint#169,joint,17818.530328769248,15155.37343550629,98.67291387986819,90.25363216185801,1.0
Latent_supervised,lightgbm,joint#170,joint,20341.484921630297,15260.583432477979,98.81990305770665,90.95469618220231,1.0
Latent_supervised,lightgbm,joint#171,joint,19201.879898305815,15266.398043206824,98.79811945387019,90.86507047473542,1.0
Latent_supervised,lightgbm,joint#172,joint,23522.01349285701,15291.172090596854,98.55617065696822,89.84306577716964,1.0
Latent_supervised,lightgbm,joint#173,joint,19835.96912217418,15246.664566516745,98.755974452904,90.67101515519019,1.0
Latent_supervised,lightgbm,joint#174,joint,16914.245967281306,15234.42383717521,98.61866156006303,90.07346432099588,1.0
Latent_supervised,lightgbm,joint#175,joint,20537.761525564692,15105.953230974064,98.74557796233445,90.5325825737548,1.0
Latent_supervised,lightgbm,joint#176,joint,24874.472877572298,15400.040417470656,98.51422524487705,89.73560169188589,1.0
Latent_supervised,lightgbm,joint#177,joint,22009.03825165824,15543.207062059158,98.38233538051144,89.26493312636823,1.0
Latent_supervised,lightgbm,joint#178,joint,17365.064734453248,15101.44461032864,98.68360295308037,90.2635604933496,1.0
Latent_supervised,lightgbm,joint#179,joint,22840.932444006863,15528.846502196808,98.44627435923162,89.52980573096508,1.0
Latent_supervised,lightgbm,joint#180,joint,17755.3540733257,15211.535850829605,98.7884110133255,90.78682398364619,1.0
Latent_supervised,lightgbm,joint#181,joint,17039.50665316364,15268.431629478859,98.89046460867701,91.26280079855225,1.0
Latent_supervised,lightgbm,joint#182,joint,18236.127461763514,15270.980808194061,98.89496914404768,91.28383514096268,1.0
Latent_supervised,lightgbm,joint#183,joint,17368.48374589419,15281.146347835942,98.92485415616731,91.4188880876465,1.0
Latent_supervised,lightgbm,joint#184,joint,25002.87368204981,15406.598186130843,98.45320404625265,89.4780512611239,1.0
Latent_supervised,lightgbm,joint#185,joint,17487.662678644796,15214.087470164439,98.72894759007568,90.53328925107043,1.0
Latent_supervised,lightgbm,joint#186,joint,19582.23151435598,15296.106754917564,98.84086044357528,91.06833412305215,1.0
Latent_supervised,lightgbm,joint#187,joint,22396.87557744865,15630.984456276612,98.3515620263457,89.19136242401007,1.0
Latent_supervised,lightgbm,joint#188,joint,19923.321147735933,15383.379394077112,98.97778203574468,91.71422664426521,1.0
Latent_supervised,lightgbm,joint#189,joint,21298.23314533636,15229.744523206991,98.87810774853119,91.18396984396584,1.0
Latent_supervised,lightgbm,joint#190,joint,21755.829411633047,16110.014299949196,98.1412054923506,88.60779890435317,1.0
Latent_supervised,lightgbm,joint#191,joint,21701.70084603042,15202.792379509203,98.63098835431543,90.1052871806371,1.0
Latent_supervised,lightgbm,joint#192,joint,24990.585128466653,15298.069085368126,98.52860377884186,89.7293380174122,1.0
Latent_supervised,lightgbm,joint#193,joint,22225.363609486456,15225.830328038752,98.5948603424606,89.96557296412722,1.0
Latent_supervised,lightgbm,joint#194,joint,18888.34420774699,15166.017281387716,98.61623996369603,90.01746569326859,1.0
Latent_supervised,lightgbm,joint#195,joint,18853.360956158736,15361.812413985841,98.96437623416861,91.64230671888777,1.0
Latent_supervised,lightgbm,joint#196,joint,17773.449993035865,15143.704008527813,98.80174934371338,90.79885508642393,1.0
Latent_supervised,lightgbm,joint#197,joint,19295.75175057867,15527.327831125152,99.04663615895967,92.10573593424532,1.0
Latent_supervised,lightgbm,joint#198,joint,18209.57115353197,15156.218725612358,98.6442467578866,90.1311473378517,1.0
Latent_supervised,lightgbm,joint#199,joint,23411.29226842442,15414.03618449447,98.43714853185018,89.41409458288398,1.0
Latent_supervised,lightgbm,joint#200,joint,18655.67643580942,15394.084826755563,98.9856755141287,91.7552449041558,1.0
Latent_supervised,lightgbm,joint#201,joint,20562.86774876743,15736.77024364882,98.28139978173395,88.96072774637526,1.0
Latent_supervised,lightgbm,joint#202,joint,20092.14926326248,15782.371642672475,98.25419925437762,88.87437541611395,1.0
Latent_supervised,lightgbm,joint#203,joint,20252.29013276106,15346.928137369225,98.6297382030398,90.19601164136293,1.0
Latent_supervised,lightgbm,joint#204,joint,20627.732725000133,15300.668756349121,98.91279045437126,91.3801218045702,1.0
Latent_supervised,lightgbm,joint#205,joint,18407.642995754446,15155.635627755904,98.74600169517878,90.56752296694167,1.0
Latent_supervised,lightgbm,joint#206,joint,18175.95447642026,15249.385153148445,98.90922022180483,91.33060816885462,1.0
Latent_supervised,lightgbm,joint#207,joint,17777.684955615045,15194.784334238399,98.82294598661645,90.92389132962137,1.0
Latent_supervised,lightgbm,joint#208,joint,17560.09602676757,15059.589496616969,98.77637026361784,90.63384370970569,1.0
Latent_supervised,lightgbm,joint#209,joint,19768.52094496674,15102.178331079103,98.64905503103301,90.1157590366576,1.0
Latent_supervised,lightgbm,joint#210,joint,18435.35852792747,15244.857380692774,98.647796418618,90.20547604066728,1.0
Latent_supervised,lightgbm,joint#211,joint,23988.49229415276,15196.48661667891,98.6951271317171,90.37638724902985,1.0
Latent_supervised,lightgbm,joint#212,joint,21042.06632353031,16608.09233318658,97.92256165997274,88.00136247302599,1.0
Latent_supervised,lightgbm,joint#213,joint,22466.048209573535,15312.8750404999,98.54301170644452,89.80105203454791,1.0
Latent_supervised,lightgbm,joint#214,joint,19743.783381656212,15340.371722891912,98.47844413112476,89.54223870963277,1.0
Latent_supervised,lightgbm,joint#215,joint,20699.460767851917,16046.053139665062,98.1495001752167,88.6007615320813,1.0
Latent_supervised,lightgbm,joint#216,joint,17900.727011536743,15097.774828041045,98.62559471075444,90.01212425627756,1.0
Latent_supervised,lightgbm,joint#217,joint,20265.507850275684,15235.52278416868,98.84264439077559,91.03560207460367,1.0
Latent_supervised,lightgbm,joint#218,joint,17370.811939671286,15125.499525563802,98.6647534728546,90.19868917505629,1.0
Latent_supervised,lightgbm,joint#219,joint,18681.50702856037,15375.537287237581,98.9605970205501,91.6352350547283,1.0
Latent_supervised,lightgbm,joint#220,joint,21959.55185253401,15160.927143310666,98.6722688283684,90.2545658687555,1.0
Latent_supervised,lightgbm,joint#221,joint,23092.853850009447,15566.276552998128,98.40004062844821,89.35630930870741,1.0
Latent_supervised,lightgbm,joint#222,joint,21118.495650198733,15235.763713510501,98.84292186775063,91.03695371306695,1.0
Latent_supervised,lightgbm,joint#223,joint,22049.791926936294,15239.158975279403,98.7029012992422,90.4382046729415,1.0
Latent_supervised,lightgbm,joint#224,joint,20773.195453949807,15205.736283805873,98.73322104391326,90.54606480843455,1.0
Latent_supervised,lightgbm,joint#225,joint,17136.115363824087,15095.575924163368,98.6351400735509,90.0516300352773,1.0
Latent_supervised,lightgbm,joint#226,joint,18639.11746482353,15393.694959445671,98.50419933257868,89.68833700122828,1.0
Latent_supervised,lightgbm,joint#227,joint,20524.73620229304,15222.871775632055,98.74799717555123,90.6209122981616,1.0
Latent_supervised,lightgbm,joint#228,joint,21641.62125880091,15326.454370472999,98.65161115932625,90.27624810701597,1.0
Latent_supervised,lightgbm,joint#229,joint,16776.527899735458,15236.786943877887,98.82595070579288,90.9647902740375,1.0
Latent_supervised,lightgbm,joint#230,joint,19368.2953796508,15681.676459682098,98.29651886052007,88.9888944231573,1.0
Latent_supervised,lightgbm,joint#231,joint,17176.274995315216,15178.270342566615,98.55546830162216,89.76478321395236,1.0
Latent_supervised,lightgbm,joint#232,joint,20431.960031392886,15242.878826677448,98.60837490586324,90.03494740868119,1.0
Latent_supervised,lightgbm,joint#233,joint,21517.74007182833,15270.118954369671,98.54422018690208,89.7777351573164,1.0
Latent_supervised,lightgbm,joint#234,joint,20771.374795056036,15318.722614147511,98.90049354431409,91.3393754840978,1.0
Latent_supervised,lightgbm,joint#235,joint,19796.70736223251,15357.685325804341,98.94908688286012,91.5739285971753,1.0
Latent_supervised,lightgbm,joint#236,joint,15922.317903703366,15214.993626575364,98.61137939900739,90.02925350973427,1.0
Latent_supervised,lightgbm,joint#237,joint,17735.241248900922,15134.605134426158,98.72316361369683,90.45547437200496,1.0
Latent_supervised,lightgbm,joint#238,joint,20537.408740322182,15448.901727651504,98.4645716056795,89.55504678108653,1.0
Latent_supervised,lightgbm,joint#239,joint,20897.079058042757,15247.919572887035,98.55261463260643,89.79896718455426,1.0
Latent_supervised,lightgbm,joint#240,joint,19196.73575623908,15377.13950977421,98.51642881499755,89.72979283971087,1.0
Latent_supervised,lightgbm,joint#241,joint,20364.62126133846,15173.464615717658,98.69449259695186,90.35831562456652,1.0
Latent_supervised,lightgbm,joint#242,joint,18745.740164416165,15307.057649071292,98.90877101574651,91.36712836504972,1.0
Latent_supervised,lightgbm,joint#243,joint,18334.236962486135,15182.042709005333,98.7864604608042,90.758789501002,1.0
Latent_supervised,lightgbm,joint#244,joint,18696.036608163413,15382.382385646815,98.49093150672849,89.6238455821494,1.0
Latent_supervised,lightgbm,joint#245,joint,21603.423443055868,15529.25742801691,98.37669418079516,89.23141955767518,1.0
Latent_supervised,lightgbm,joint#246,joint,19460.115774325433,15103.451225243218,98.69859980656408,90.32926947307942,1.0
Latent_supervised,lightgbm,joint#247,joint,19881.74309200823,15664.495629025394,98.3512215926942,89.21224195698117,1.0
Latent_supervised,lightgbm,joint#248,joint,19552.77083155488,15215.432839334235,98.58606075194012,89.92087068045937,1.0
Latent_supervised,lightgbm,joint#249,joint,20004.539445695,15138.472015157753,98.55791242566826,89.74874194880299,1.0
Latent_supervised,lightgbm,joint#250,joint,17971.609677418553,15154.762847356656,98.7398405246847,90.54049542170854,1.0
Latent_supervised,lightgbm,joint#251,joint,19040.600769401102,15236.19988761224,98.56862334583177,89.85986851940474,1.0
Latent_supervised,lightgbm,joint#252,joint,21115.313121460596,15149.351982131775,98.68295050255038,90.29269821726946,1.0
Latent_supervised,lightgbm,joint#253,joint,24317.120201329715,15228.166976993067,98.6444008548561,90.17977427168354,1.0
Latent_supervised,lightgbm,joint#254,joint,18267.324510556253,15172.797217268037,98.77751775539141,90.71424092094838,1.0
Latent_supervised,lightgbm,joint#255,joint,15101.818854843401,15211.808708262823,98.76411045455966,90.6827002076823,1.0
Latent_supervised,lightgbm,joint#256,joint,16787.16608568973,15269.094499170104,98.57809093128942,89.92243613043388,1.0
Latent_supervised,lightgbm,joint#257,joint,22784.27352787242,15161.1013530188,98.76936125072184,90.67143338136972,1.0
Latent_supervised,lightgbm,joint#258,joint,21540.793369366103,15478.470301719964,98.45911777817925,89.55134961192344,1.0
Latent_supervised,lightgbm,joint#259,joint,21432.5082474224,15194.484356700876,98.60755710602103,89.99917417322412,1.0
Latent_supervised,lightgbm,joint#260,joint,20778.674585733756,15276.010514358972,98.87132076031449,91.18568193891389,1.0
Latent_supervised,lightgbm,joint#261,joint,24842.88068574588,15474.413750234224,98.45296584285381,89.52223919289625,1.0
Latent_supervised,lightgbm,joint#262,joint,22545.680160460568,15192.775585661053,98.62878099142792,90.08913461869385,1.0
Latent_supervised,lightgbm,joint#263,joint,18662.740727318167,15228.012551753243,98.65480682175144,90.22433702131679,1.0
Latent_supervised,lightgbm,joint#264,joint,19860.40300783093,15239.920375077,98.91354024152427,91.34284120723036,1.0
Latent_supervised,lightgbm,joint#265,joint,24305.635637206462,15194.626622810356,98.64795943326293,90.17268857913926,1.0
Latent_supervised,lightgbm,joint#266,joint,21970.70740913142,15186.375608377195,98.61508282199499,90.02607109324681,1.0
Latent_supervised,lightgbm,joint#267,joint,20114.266154528545,15281.315263450384,98.57727250984847,89.92707038304962,1.0
Latent_supervised,lightgbm,joint#268,joint,19090.506641973152,15139.06339554617,98.67867154201791,90.26747250813382,1.0
Latent_supervised,lightgbm,joint#269,joint,19076.07805016404,15209.603667666235,98.53522802647537,89.69879443739683,1.0
Latent_supervised,lightgbm,joint#270,joint,19627.35625004618,15215.81321941009,98.68817562191988,90.35943357305979,1.0
Latent_supervised,lightgbm,joint#271,joint,17053.449495254546,15195.144706043251,98.6373095391174,90.12732125529189,1.0
Latent_supervised,lightgbm,joint#272,joint,21260.31362789889,15263.215739692892,98.84054718529593,91.04506217599649,1.0
Latent_supervised,lightgbm,joint#273,joint,16738.002718942123,15182.077199317144,98.76113786213226,90.65011989522584,1.0
Latent_supervised,lightgbm,joint#274,joint,19931.214274101592,15432.956090879885,98.4676274749508,89.55753311360701,1.0
Latent_supervised,lightgbm,joint#275,joint,20647.087932549468,15208.679867341496,98.69657583603248,90.39073437973884,1.0
Latent_supervised,lightgbm,joint#276,joint,22214.585415780984,15200.857689134366,98.7812182724501,90.7488316913383,1.0
Latent_supervised,lightgbm,joint#277,joint,22559.404328722154,15450.326736373663,98.4895146564183,89.66306024649441,1.0
Latent_supervised,lightgbm,joint#278,joint,20051.39995987445,15226.453757327454,98.68231606612488,90.34137619901598,1.0
Latent_supervised,lightgbm,joint#279,joint,16854.10641293042,15179.555662228875,98.66859652899399,90.25122221144393,1.0
Latent_supervised,lightgbm,joint#280,joint,19932.367999557933,15338.52118058569,98.52630831343454,89.74645321764389,1.0
Latent_supervised,lightgbm,joint#281,joint,21056.569842310906,15259.68210734034,98.81123512703873,90.91688979995753,1.0
Latent_supervised,lightgbm,joint#282,joint,18411.932509368737,15581.110501574913,98.36378995163906,89.21059924213081,1.0
Latent_supervised,lightgbm,joint#283,joint,17517.341101960308,15355.898726332976,98.46647755468287,89.50122571590163,1.0
Latent_supervised,lightgbm,joint#284,joint,21968.676644957755,15199.138297856836,98.67604463858,90.29624694294846,1.0
Latent_supervised,lightgbm,joint#285,joint,18400.730866988386,15554.782085852901,99.04134445759803,92.10132511549865,1.0
Latent_supervised,lightgbm,joint#286,joint,21144.767673962524,15227.585293404863,98.89685180033916,91.26298575378047,1.0
Latent_supervised,lightgbm,joint#287,joint,21735.669629581127,15203.723576998069,98.66679309594524,90.25959324981726,1.0
Latent_supervised,lightgbm,joint#288,joint,19811.345674040218,15346.645559876903,98.93318324294518,91.4983053027241,1.0
Latent_supervised,lightgbm,joint#289,joint,17776.03601598713,15149.437926009185,98.74735870046875,90.56921586150314,1.0
Latent_supervised,lightgbm,joint#290,joint,17707.145288233314,15285.998863525956,98.56446357281776,89.87521277577939,1.0
Latent_supervised,lightgbm,joint#291,joint,17827.83521557619,15105.860912106844,98.77621276249712,90.66401527542779,1.0
Latent_supervised,lightgbm,joint#292,joint,17519.654036593623,15494.794225234495,98.42510149056126,89.41622356678945,1.0
Latent_supervised,lightgbm,joint#293,joint,19031.775873266073,15386.583979350395,98.4122855990472,89.28907354470488,1.0
Latent_supervised,lightgbm,joint#294,joint,21189.970909288728,15692.377638726728,98.29820433532248,89.00326313324044,1.0
Latent_supervised,lightgbm,joint#295,joint,17354.88302111982,15247.349194220475,98.8952452883753,91.26926603040499,1.0
Latent_supervised,lightgbm,joint#296,joint,20231.933330048134,15276.072168233422,98.84428232313479,91.06966552083654,1.0
Latent_supervised,lightgbm,joint#297,joint,21201.788698632445,15372.646707275515,98.55320950024542,89.88467196745557,1.0
Latent_supervised,lightgbm,joint#298,joint,23423.81757712587,16457.15047205278,97.9802024179154,88.1481469219961,1.0
Latent_supervised,lightgbm,joint#299,joint,20432.57305383823,15417.188160934937,98.52495669923032,89.79309631572856,1.0
Latent_supervised,seasonal_naive,default,reference,20759.770908997085,16661.913871546312,97.51520437315475,86.2887372363178,0.0
Latent_supervised,seasonal_naive,flat,reference,16661.913871546312,16661.913871546312,97.51520437315475,86.2887372363178,0.0
Latent_supervised,seasonal_naive,perishability_weights[0] x0.8,one_at_a_time,20769.86117241827,16661.913871546312,97.51520437315475,86.2887372363178,0.0
Latent_supervised,seasonal_naive,perishability_weights[1] x0.8,one_at_a_time,20742.632918665913,16661.913871546312,97.51520437315475,86.2887372363178,0.0
Latent_supervised,seasonal_naive,perishability_weights[2] x0.8,one_at_a_time,20767.092235905664,16661.913871546312,97.51520437315475,86.2887372363178,0.0
Latent_supervised,seasonal_naive,slow_moving_weights[0] x0.8,one_at_a_time,20766.45503610452,16661.913871546312,97.51520437315475,86.2887372363178,0.0
Latent_supervised,seasonal_naive,slow_moving_weights[1] x0.8,one_at_a_time,20753.377396111715,16661.913871546312,97.51520437315475,86.2887372363178,0.0
Latent_supervised,seasonal_naive,criticality_weights[0] x0.8,one_at_a_time,20744.529580721442,16661.913871546312,97.51520437315475,86.2887372363178,0.0
Latent_supervised,seasonal_naive,criticality_weights[1] x0.8,one_at_a_time,20773.715102951395,16661.913871546312,97.51520437315475,86.2887372363178,0.0
Latent_supervised,seasonal_naive,perishability_base x0.8,one_at_a_time,20040.92782889196,16661.913871546312,97.51520437315475,86.2887372363178,0.0
Latent_supervised,seasonal_naive,perishability_multiplier x0.8,one_at_a_time,20356.779218261057,16661.913871546312,97.51520437315475,86.2887372363178,0.0
Latent_supervised,seasonal_naive,slow_moving_base x0.8,one_at_a_time,19892.30504442167,16661.913871546312,97.51520437315475,86.2887372363178,0.0
Latent_supervised,seasonal_naive,slow_moving_multiplier x0.8,one_at_a_time,20505.402002731345,16661.913871546312,97.51520437315475,86.2887372363178,0.0
Latent_supervised,seasonal_naive,service_criticality_base x0.8,one_at_a_time,18456.01677325878,16661.913871546312,97.51520437315475,86.2887372363178,0.0
Latent_supervised,seasonal_naive,service_criticality_multiplier x0.8,one_at_a_time,20033.40563377713,16661.913871546312,97.51520437315475,86.2887372363178,0.0
Latent_supervised,seasonal_naive,perishability_weights[0] x1.2,one_at_a_time,20751.515238925203,16661.913871546312,97.51520437315475,86.2887372363178,0.0
Latent_supervised,seasonal_naive,perishability_weights[1] x1.2,one_at_a_time,20774.968749479445,16661.913871546312,97.51520437315475,86.2887372363178,0.0
Latent_supervised,seasonal_naive,perishability_weights[2] x1.2,one_at_a_time,20753.012761081474,16661.913871546312,97.51520437315475,86.2887372363178,0.0
Latent_supervised,seasonal_naive,slow_moving_weights[0] x1.2,one_at_a_time,20754.519094841242,16661.913871546312,97.51520437315475,86.2887372363178,0.0
Latent_supervised,seasonal_naive,slow_moving_weights[1] x1.2,one_at_a_time,20765.217234788324,16661.913871546312,97.51520437315475,86.2887372363178,0.0
Latent_supervised,seasonal_naive,criticality_weights[0] x1.2,one_at_a_time,20771.26875313485,16661.913871546312,97.51520437315475,86.2887372363178,0.0
Latent_supervised,seasonal_naive,criticality_weights[1] x1.2,one_at_a_time,20747.4053030376,16661.913871546312,97.51520437315475,86.2887372363178,0.0
Latent_supervised,seasonal_naive,perishability_base x1.2,one_at_a_time,21478.61398910221,16661.913871546312,97.51520437315475,86.2887372363178,0.0
Latent_supervised,seasonal_naive,perishability_multiplier x1.2,one_at_a_time,21162.762599733116,16661.913871546312,97.51520437315475,86.2887372363178,0.0
Latent_supervised,seasonal_naive,slow_moving_base x1.2,one_at_a_time,21627.236773572502,16661.913871546312,97.51520437315475,86.2887372363178,0.0
Latent_supervised,seasonal_naive,slow_moving_multiplier x1.2,one_at_a_time,21014.139815262828,16661.913871546312,97.51520437315475,86.2887372363178,0.0
Latent_supervised,seasonal_naive,service_criticality_base x1.2,one_at_a_time,23063.52504473539,16661.913871546312,97.51520437315475,86.2887372363178,0.0
Latent_supervised,seasonal_naive,service_criticality_multiplier x1.2,one_at_a_time,21486.136184217045,16661.913871546312,97.51520437315475,86.2887372363178,0.0
Latent_supervised,seasonal_naive,joint#0,joint,22397.634442370178,16661.913871546312,97.51520437315475,86.2887372363178,0.0
Latent_supervised,seasonal_naive,joint#1,joint,18417.465561858942,16661.913871546312,97.51520437315475,86.2887372363178,0.0
Latent_supervised,seasonal_naive,joint#2,joint,18567.550155285327,16661.913871546312,97.51520437315475,86.2887372363178,0.0
Latent_supervised,seasonal_naive,joint#3,joint,20311.70815179379,16661.913871546312,97.51520437315475,86.2887372363178,0.0
Latent_supervised,seasonal_naive,joint#4,joint,18637.235960860096,16661.913871546312,97.51520437315475,86.2887372363178,0.0
Latent_supervised,seasonal_naive,joint#5,joint,21042.02313875665,16661.913871546312,97.51520437315475,86.2887372363178,0.0
Latent_supervised,seasonal_naive,joint#6,joint,22214.83870533172,16661.913871546312,97.51520437315475,86.2887372363178,0.0
Latent_supervised,seasonal_naive,joint#7,joint,21708.59239766642,16661.913871546312,97.51520437315475,86.2887372363178,0.0
Latent_supervised,seasonal_naive,joint#8,joint,22529.90766582863,16661.913871546312,97.51520437315475,86.2887372363178,0.0
Latent_supervised,seasonal_naive,joint#9,joint,18063.981559156055,16661.913871546312,97.51520437315475,86.2887372363178,0.0
Latent_supervised,seasonal_naive,joint#10,joint,22493.60798713218,16661.913871546312,97.51520437315475,86.2887372363178,0.0
Latent_supervised,seasonal_naive,joint#11,joint,18479.142193386342,16661.913871546312,97.51520437315475,86.2887372363178,0.0
Latent_supervised,seasonal_naive,joint#12,joint,20049.003483268767,16661.913871546312,97.51520437315475,86.2887372363178,0.0
Latent_supervised,seasonal_naive,joint#13,joint,21783.638541849374,16661.913871546312,97.51520437315475,86.2887372363178,0.0
Latent_supervised,seasonal_naive,joint#14,joint,23767.416876264866,16661.913871546312,97.51520437315475,86.2887372363178,0.0
Latent_supervised,seasonal_naive,joint#15,joint,22965.344053449553,16661.913871546312,97.51520437315475,86.2887372363178,0.0
Latent_supervised,seasonal_naive,joint#16,joint,18467.104692649744,16661.913871546312,97.51520437315475,86.2887372363178,0.0
Latent_supervised,seasonal_naive,joint#17,joint,18988.201842004306,16661.913871546312,97.51520437315475,86.2887372363178,0.0
Latent_supervised,seasonal_naive,joint#18,joint,24048.92001508915,16661.913871546312,97.51520437315475,86.2887372363178,0.0
Latent_supervised,seasonal_naive,joint#19,joint,22997.692263755882,16661.913871546312,97.51520437315475,86.2887372363178,0.0
Latent_supervised,seasonal_naive,joint#20,joint,17730.16496661339,16661.913871546312,97.51520437315475,86.2887372363178,0.0
Latent_supervised,seasonal_naive,joint#21,joint,18455.67263753994,16661.913871546312,97.51520437315475,86.2887372363178,0.0
Latent_supervised,seasonal_naive,joint#22,joint,19552.419094719866,16661.913871546312,97.51520437315475,86.2887372363178,0.0
Latent_supervised,seasonal_naive,joint#23,joint,18088.85216877594,16661.913871546312,97.51520437315475,86.2887372363178,0.0
Latent_supervised,seasonal_naive,joint#24,joint,22284.6994941514,16661.913871546312,97.51520437315475,86.2887372363178,0.0
Latent_supervised,seasonal_naive,joint#25,joint,21011.0434660303,16661.913871546312,97.51520437315475,86.2887372363178,0.0
Latent_supervised,seasonal_naive,joint#26,joint,24571.49871329181,16661.913871546312,97.51520437315475,86.2887372363178,0.0
Latent_supervised,seasonal_naive,joint#27,joint,21079.63518069682,16661.913871546312,97.51520437315475,86.2887372363178,0.0
Latent_supervised,seasonal_naive,joint#28,joint,20484.92934606122,16661.913871546312,97.51520437315475,86.2887372363178,0.0
Latent_supervised,seasonal_naive,joint#29,joint,23924.46469250117,16661.913871546312,97.51520437315475,86.2887372363178,0.0
Latent_supervised,seasonal_naive,joint#30,joint,21196.30435855184,16661.913871546312,97.51520437315475,86.2887372363178,0.0
Latent_supervised,seasonal_naive,joint#31,joint,20810.04785097325,16661.913871546312,97.51520437315475,86.2887372363178,0.0
Latent_supervised,seasonal_naive,joint#32,joint,18283.06708709358,16661.913871546312,97.51520437315475,86.2887372363178,0.0
Latent_supervised,seasonal_naive,joint#33,joint,19222.19377938972,16661.913871546312,97.51520437315475,86.2887372363178,0.0
Latent_supervised,seasonal_naive,joint#34,joint,21312.555680337628,16661.913871546312,97.51520437315475,86.2887372363178,0.0
Latent_supervised,seasonal_naive,joint#35,joint,22973.76709881251,16661.913871546312,97.51520437315475,86.2887372363178,0.0
Latent_supervised,seasonal_naive,joint#36,joint,16683.074744740174,16661.913871546312,97.51520437315475,86.2887372363178,0.0
Latent_supervised,seasonal_naive,joint#37,joint,18535.02810510025,16661.913871546312,97.51520437315475,86.2887372363178,0.0
Latent_supervised,seasonal_naive,joint#38,joint,23587.849704524997,16661.913871546312,97.51520437315475,86.2887372363178,0.0
Latent_supervised,seasonal_naive,joint#39,joint,21065.060722292314,16661.913871546312,97.51520437315475,86.2887372363178,0.0
Latent_supervised,seasonal_naive,joint#40,joint,21544.493367266812,16661.913871546312,97.51520437315475,86.2887372363178,0.0
Latent_supervised,seasonal_naive,joint#41,joint,19681.71086086185,16661.913871546312,97.51520437315475,86.2887372363178,0.0
Latent_supervised,seasonal_naive,joint#42,joint,21422.587920154976,16661.913871546312,97.51520437315475,86.2887372363178,0.0
Latent_supervised,seasonal_naive,joint#43,joint,20543.153384628094,16661.913871546312,97.51520437315475,86.2887372363178,0.0
Latent_supervised,seasonal_naive,joint#44,joint,20653.594941069,16661.913871546312,97.51520437315475,86.2887372363178,0.0
Latent_supervised,seasonal_naive,joint#45,joint,20819.699100981532,16661.913871546312,97.51520437315475,86.2887372363178,0.0
Latent_supervised,seasonal_naive,joint#46,joint,19692.97348232659,16661.913871546312,97.51520437315475,86.2887372363178,0.0
Latent_supervised,seasonal_naive,joint#47,joint,19172.299968032956,16661.913871546312,97.51520437315475,86.2887372363178,0.0
Latent_supervised,seasonal_naive,joint#48,joint,20719.20376798288,16661.913871546312,97.51520437315475,86.2887372363178,0.0
Latent_supervised,seasonal_naive,joint#49,joint,17870.92777863682,16661.913871546312,97.51520437315475,86.2887372363178,0.0
Latent_supervised,seasonal_naive,joint#50,joint,22399.57409153557,16661.913871546312,97.51520437315475,86.2887372363178,0.0
Latent_supervised,seasonal_naive,joint#51,joint,20142.644119387176,16661.913871546312,97.51520437315475,86.2887372363178,0.0
Latent_supervised,seasonal_naive,joint#52,joint,22082.27817552607,16661.913871546312,97.51520437315475,86.2887372363178,0.0
Latent_supervised,seasonal_naive,joint#53,joint,24053.882132751645,16661.913871546312,97.51520437315475,86.2887372363178,0.0
Latent_supervised,seasonal_naive,joint#54,joint,20857.418314891314,16661.913871546312,97.51520437315475,86.2887372363178,0.0
Latent_supervised,seasonal_naive,joint#55,joint,18873.924053157738,16661.913871546312,97.51520437315475,86.2887372363178,0.0
Latent_supervised,seasonal_naive,joint#56,joint,23520.187563915693,16661.913871546312,97.51520437315475,86.2887372363178,0.0
Latent_supervised,seasonal_naive,joint#57,joint,18747.5166597106,16661.913871546312,97.51520437315475,86.2887372363178,0.0
Latent_supervised,seasonal_naive,joint#58,joint,17019.236022293197,16661.913871546312,97.51520437315475,86.2887372363178,0.0
Latent_supervised,seasonal_naive,joint#59,joint,21969.017979474247,16661.913871546312,97.51520437315475,86.2887372363178,0.0
Latent_supervised,seasonal_naive,joint#60,joint,19419.535663636787,16661.913871546312,97.51520437315475,86.2887372363178,0.0
Latent_supervised,seasonal_naive,joint#61,joint,17192.760545243378,16661.913871546312,97.51520437315475,86.2887372363178,0.0
Latent_supervised,seasonal_naive,joint#62,joint,23545.75336471841,16661.913871546312,97.51520437315475,86.2887372363178,0.0
Latent_supervised,seasonal_naive,joint#63,joint,23367.677491521845,16661.913871546312,97.51520437315475,86.2887372363178,0.0
Latent_supervised,seasonal_naive,joint#64,joint,23474.72254559602,16661.913871546312,97.51520437315475,86.2887372363178,0.0
Latent_supervised,seasonal_naive,joint#65,joint,22672.006794455112,16661.913871546312,97.51520437315475,86.2887372363178,0.0
Latent_supervised,seasonal_naive,joint#66,joint,21262.579765144183,16661.913871546312,97.51520437315475,86.2887372363178,0.0
Latent_supervised,seasonal_naive,joint#67,joint,18166.40208498363,16661.913871546312,97.51520437315475,86.2887372363178,0.0
Latent_supervised,seasonal_naive,joint#68,joint,22861.65910582091,16661.913871546312,97.51520437315475,86.2887372363178,0.0
Latent_supervised,seasonal_naive,joint#69,joint,18267.0733972677,16661.913871546312,97.51520437315475,86.2887372363178,0.0
Latent_supervised,seasonal_naive,joint#70,joint,18106.60765755325,16661.913871546312,97.51520437315475,86.2887372363178,0.0
Latent_supervised,seasonal_naive,joint#71,joint,20452.463360228612,16661.913871546312,97.51520437315475,86.2887372363178,0.0
Latent_supervised,seasonal_naive,joint#72,joint,19801.079413883162,16661.913871546312,97.51520437315475,86.2887372363178,0.0
Latent_supervised,seasonal_naive,joint#73,joint,20301.005317356627,16661.913871546312,97.51520437315475,86.2887372363178,0.0
Latent_supervised,seasonal_naive,joint#74,joint,20399.92645142819,16661.913871546312,97.51520437315475,86.2887372363178,0.0
Latent_supervised,seasonal_naive,joint#75,joint,19846.82549379192,16661.913871546312,97.51520437315475,86.2887372363178,0.0
Latent_supervised,seasonal_naive,joint#76,joint,20907.505559730154,16661.913871546312,97.51520437315475,86.2887372363178,0.0
Latent_supervised,seasonal_naive,joint#77,joint,19090.780805452916,16661.913871546312,97.51520437315475,86.2887372363178,0.0
Latent_supervised,seasonal_naive,joint#78,joint,18944.853313869018,16661.913871546312,97.51520437315475,86.2887372363178,0.0
Latent_supervised,seasonal_naive,joint#79,joint,19448.066593815893,16661.913871546312,97.51520437315475,86.2887372363178,0.0
Latent_supervised,seasonal_naive,joint#80,joint,19621.78270390496,16661.913871546312,97.51520437315475,86.2887372363178,0.0
Latent_supervised,seasonal_naive,joint#81,joint,22668.66605908207,16661.913871546312,97.51520437315475,86.2887372363178,0.0
Latent_supervised,seasonal_naive,joint#82,joint,22460.28208853119,16661.913871546312,97.51520437315475,86.2887372363178,0.0
Latent_supervised,seasonal_naive,joint#83,joint,20271.253756949704,16661.913871546312,97.51520437315475,86.2887372363178,0.0
Latent_supervised,seasonal_naive,joint#84,joint,20604.378498565093,16661.913871546312,97.51520437315475,86.2887372363178,0.0
Latent_supervised,seasonal_naive,joint#85,joint,20420.655706159807,16661.913871546312,97.51520437315475,86.2887372363178,0.0
Latent_supervised,seasonal_naive,joint#86,joint,21437.401138327717,16661.913871546312,97.51520437315475,86.2887372363178,0.0
Latent_supervised,seasonal_naive,joint#87,joint,21510.97304972769,16661.913871546312,97.51520437315475,86.2887372363178,0.0
Latent_supervised,seasonal_naive,joint#88,joint,22305.460588525213,16661.913871546312,97.51520437315475,86.2887372363178,0.0
Latent_supervised,seasonal_naive,joint#89,joint,17849.22350753325,16661.913871546312,97.51520437315475,86.2887372363178,0.0
Latent_supervised,seasonal_naive,joint#90,joint,22272.225947944084,16661.913871546312,97.51520437315475,86.2887372363178,0.0
Latent_supervised,seasonal_naive,joint#91,joint,19800.023655225916,16661.913871546312,97.51520437315475,86.2887372363178,0.0
Latent_supervised,seasonal_naive,joint#92,joint,20338.267694639337,16661.913871546312,97.51520437315475,86.2887372363178,0.0
Latent_supervised,seasonal_naive,joint#93,joint,19274.989306855365,16661.913871546312,97.51520437315475,86.2887372363178,0.0
Latent_supervised,seasonal_naive,joint#94,joint,17684.30635441145,16661.913871546312,97.51520437315475,86.2887372363178,0.0
Latent_supervised,seasonal_naive,joint#95,joint,20705.617611848545,16661.913871546312,97.51520437315475,86.2887372363178,0.0
Latent_supervised,seasonal_naive,joint#96,joint,21655.814389359126,16661.913871546312,97.51520437315475,86.2887372363178,0.0
Latent_supervised,seasonal_naive,joint#97,joint,21272.186995526492,16661.913871546312,97.51520437315475,86.2887372363178,0.0
Latent_supervised,seasonal_naive,joint#98,joint,19307.95582300728,16661.913871546312,97.51520437315475,86.2887372363178,0.0
Latent_supervised,seasonal_naive,joint#99,joint,16822.687348118463,16661.913871546312,97.51520437315475,86.2887372363178,0.0
Latent_supervised,seasonal_naive,joint#100,joint,18613.470580167093,16661.913871546312,97.51520437315475,86.2887372363178,0.0
Latent_supervised,seasonal_naive,joint#101,joint,21720.50702638178,16661.913871546312,97.51520437315475,86.2887372363178,0.0
Latent_supervised,seasonal_naive,joint#102,joint,20917.170486550727,16661.913871546312,97.51520437315475,86.2887372363178,0.0
Latent_supervised,seasonal_naive,joint#103,joint,22745.196447021845,16661.913871546312,97.51520437315475,86.2887372363178,0.0
Latent_supervised,seasonal_naive,joint#104,joint,20256.03745855387,16661.913871546312,97.51520437315475,86.2887372363178,0.0
Latent_supervised,seasonal_naive,joint#105,joint,22828.121612772957,16661.913871546312,97.51520437315475,86.2887372363178,0.0
Latent_supervised,seasonal_naive,joint#106,joint,22553.160005353227,16661.913871546312,97.51520437315475,86.2887372363178,0.0
Latent_supervised,seasonal_naive,joint#107,joint,19428.592377543035,16661.913871546312,97.51520437315475,86.2887372363178,0.0
Latent_supervised,seasonal_naive,joint#108,joint,21459.565533873603,16661.913871546312,97.51520437315475,86.2887372363178,0.0
Latent_supervised,seasonal_naive,joint#109,joint,24242.222409080205,16661.913871546312,97.51520437315475,86.2887372363178,0.0
Latent_supervised,seasonal_naive,joint#110,joint,22130.678322060783,16661.913871546312,97.51520437315475,86.2887372363178,0.0
Latent_supervised,seasonal_naive,joint#111,joint,23648.115016516385,16661.913871546312,97.51520437315475,86.2887372363178,0.0
Latent_supervised,seasonal_naive,joint#112,joint,23208.72953688675,16661.913871546312,97.51520437315475,86.2887372363178,0.0
Latent_supervised,seasonal_naive,joint#113,joint,20020.745041393006,16661.913871546312,97.51520437315475,86.2887372363178,0.0
Latent_supervised,seasonal_naive,joint#114,joint,19508.066806596562,16661.913871546312,97.51520437315475,86.2887372363178,0.0
Latent_supervised,seasonal_naive,joint#115,joint,21139.357723093628,16661.913871546312,97.51520437315475,86.2887372363178,0.0
Latent_supervised,seasonal_naive,joint#116,joint,19975.45974968923,16661.913871546312,97.51520437315475,86.2887372363178,0.0
Latent_supervised,seasonal_naive,joint#117,joint,18512.20862493839,16661.913871546312,97.51520437315475,86.2887372363178,0.0
Latent_supervised,seasonal_naive,joint#118,joint,22011.16395869521,16661.913871546312,97.51520437315475,86.2887372363178,0.0
Latent_supervised,seasonal_naive,joint#119,joint,20605.539466143502,16661.913871546312,97.51520437315475,86.2887372363178,0.0
Latent_supervised,seasonal_naive,joint#120,joint,23605.852506627045,16661.913871546312,97.51520437315475,86.2887372363178,0.0
Latent_supervised,seasonal_naive,joint#121,joint,22678.641522111542,16661.913871546312,97.51520437315475,86.2887372363178,0.0
Latent_supervised,seasonal_naive,joint#122,joint,20039.99317931916,16661.913871546312,97.51520437315475,86.2887372363178,0.0
Latent_supervised,seasonal_naive,joint#123,joint,21020.224392198164,16661.913871546312,97.51520437315475,86.2887372363178,0.0
Latent_supervised,seasonal_naive,joint#124,joint,16810.197669125526,16661.913871546312,97.51520437315475,86.2887372363178,0.0
Latent_supervised,seasonal_naive,joint#125,joint,23053.118819840176,16661.913871546312,97.51520437315475,86.2887372363178,0.0
Latent_supervised,seasonal_naive,joint#126,joint,17900.150629778647,16661.913871546312,97.51520437315475,86.2887372363178,0.0
Latent_supervised,seasonal_naive,joint#127,joint,23513.256761568788,16661.913871546312,97.51520437315475,86.2887372363178,0.0
Latent_supervised,seasonal_naive,joint#128,joint,23267.948108299443,16661.913871546312,97.51520437315475,86.2887372363178,0.0
Latent_supervised,seasonal_naive,joint#129,joint,22587.35473362497,16661.913871546312,97.51520437315475,86.2887372363178,0.0
Latent_supervised,seasonal_naive,joint#130,joint,21823.818328113546,16661.913871546312,97.51520437315475,86.2887372363178,0.0
Latent_supervised,seasonal_naive,joint#131,joint,18131.302145205806,16661.913871546312,97.51520437315475,86.2887372363178,0.0
Latent_supervised,seasonal_naive,joint#132,joint,22183.678009652635,16661.913871546312,97.51520437315475,86.2887372363178,0.0
Latent_supervised,seasonal_naive,joint#133,joint,21567.002942929736,16661.913871546312,97.51520437315475,86.2887372363178,0.0
Latent_supervised,seasonal_naive,joint#134,joint,21372.292203199842,16661.913871546312,97.51520437315475,86.2887372363178,0.0
Latent_supervised,seasonal_naive,joint#135,joint,20210.988040567892,16661.913871546312,97.51520437315475,86.2887372363178,0.0
Latent_supervised,seasonal_naive,joint#136,joint,22708.624855244256,16661.913871546312,97.51520437315475,86.2887372363178,0.0
Latent_supervised,seasonal_naive,joint#137,joint,17674.411915489683,16661.913871546312,97.51520437315475,86.2887372363178,0.0
Latent_supervised,seasonal_naive,joint#138,joint,23329.06926809912,16661.913871546312,97.51520437315475,86.2887372363178,0.0
Latent_supervised,seasonal_naive,joint#139,joint,19711.184862816775,16661.913871546312,97.51520437315475,86.2887372363178,0.0
Latent_supervised,seasonal_naive,joint#140,joint,21731.22769414457,16661.913871546312,97.51520437315475,86.2887372363178,0.0
Latent_supervised,seasonal_naive,joint#141,joint,21039.59605268931,16661.913871546312,97.51520437315475,86.2887372363178,0.0
Latent_supervised,seasonal_naive,joint#142,joint,17340.63679224682,16661.913871546312,97.51520437315475,86.2887372363178,0.0
Latent_supervised,seasonal_naive,joint#143,joint,21656.230600890765,16661.913871546312,97.51520437315475,86.2887372363178,0.0
Latent_supervised,seasonal_naive,joint#144,joint,21738.785139942192,16661.913871546312,97.51520437315475,86.2887372363178,0.0
Latent_supervised,seasonal_naive,joint#145,joint,21544.47892488504,16661.913871546312,97.51520437315475,86.2887372363178,0.0
Latent_supervised,seasonal_naive,joint#146,joint,21997.32119043089,16661.913871546312,97.51520437315475,86.2887372363178,0.0
Latent_supervised,seasonal_naive,joint#147,joint,22277.512073757487,16661.913871546312,97.51520437315475,86.2887372363178,0.0
Latent_supervised,seasonal_naive,joint#148,joint,23606.1160922224,16661.913871546312,97.51520437315475,86.2887372363178,0.0
Latent_supervised,seasonal_naive,joint#149,joint,20433.58969109625,16661.913871546312,97.51520437315475,86.2887372363178,0.0
Latent_supervised,seasonal_naive,joint#150,joint,19986.061539769828,16661.913871546312,97.51520437315475,86.2887372363178,0.0
Latent_supervised,seasonal_naive,joint#151,joint,19332.60286092402,16661.913871546312,97.51520437315475,86.2887372363178,0.0
Latent_supervised,seasonal_naive,joint#152,joint,21260.710441269686,16661.913871546312,97.51520437315475,86.2887372363178,0.0
Latent_supervised,seasonal_naive,joint#153,joint,22005.300704152956,16661.913871546312,97.51520437315475,86.2887372363178,0.0
Latent_supervised,seasonal_naive,joint#154,joint,18333.145265196123,16661.913871546312,97.51520437315475,86.2887372363178,0.0
Latent_supervised,seasonal_naive,joint#155,joint,21162.028871548722,16661.913871546312,97.51520437315475,86.2887372363178,0.0
Latent_supervised,seasonal_naive,joint#156,joint,22135.72020261141,16661.913871546312,97.51520437315475,86.2887372363178,0.0
Latent_supervised,seasonal_naive,joint#157,joint,17400.97589303707,16661.913871546312,97.51520437315475,86.2887372363178,0.0
Latent_supervised,seasonal_naive,joint#158,joint,21302.829145415883,16661.913871546312,97.51520437315475,86.2887372363178,0.0
Latent_supervised,seasonal_naive,joint#159,joint,21212.4002904658,16661.913871546312,97.51520437315475,86.2887372363178,0.0
Latent_supervised,seasonal_naive,joint#160,joint,20094.206556971116,16661.913871546312,97.51520437315475,86.2887372363178,0.0
Latent_supervised,seasonal_naive,joint#161,joint,18194.978046668853,16661.913871546312,97.51520437315475,86.2887372363178,0.0
Latent_supervised,seasonal_naive,joint#162,joint,20099.614337804363,16661.913871546312,97.51520437315475,86.2887372363178,0.0
Latent_supervised,seasonal_naive,joint#163,joint,17619.37459370015,16661.913871546312,97.51520437315475,86.2887372363178,0.0
Latent_supervised,seasonal_naive,joint#164,joint,21999.012612329345,16661.913871546312,97.51520437315475,86.2887372363178,0.0
Latent_supervised,seasonal_naive,joint#165,joint,21665.74599297742,16661.913871546312,97.51520437315475,86.2887372363178,0.0
Latent_supervised,seasonal_naive,joint#166,joint,21865.719498915234,16661.913871546312,97.51520437315475,86.2887372363178,0.0
Latent_supervised,seasonal_naive,joint#167,joint,22072.965617456226,16661.913871546312,97.51520437315475,86.2887372363178,0.0
Latent_supervised,seasonal_naive,joint#168,joint,21931.733470635132,16661.913871546312,97.51520437315475,86.2887372363178,0.0
Latent_supervised,seasonal_naive,joint#169,joint,18472.933168375777,16661.913871546312,97.51520437315475,86.2887372363178,0.0
Latent_supervised,seasonal_naive,joint#170,joint,21880.35639956605,16661.913871546312,97.51520437315475,86.2887372363178,0.0
Latent_supervised,seasonal_naive,joint#171,joint,20514.416411725942,16661.913871546312,97.51520437315475,86.2887372363178,0.0
Latent_supervised,seasonal_naive,joint#172,joint,23548.916007077736,16661.913871546312,97.51520437315475,86.2887372363178,0.0
Latent_supervised,seasonal_naive,joint#173,joint,20972.5408124548,16661.913871546312,97.51520437315475,86.2887372363178,0.0
Latent_supervised,seasonal_naive,joint#174,joint,17069.683009295786,16661.913871546312,97.51520437315475,86.2887372363178,0.0
Latent_supervised,seasonal_naive,joint#175,joint,21564.79866567609,16661.913871546312,97.51520437315475,86.2887372363178,0.0
Latent_supervised,seasonal_naive,joint#176,joint,24492.41578732482,16661.913871546312,97.51520437315475,86.2887372363178,0.0
Latent_supervised,seasonal_naive,joint#177,joint,21284.072222954364,16661.913871546312,97.51520437315475,86.2887372363178,0.0
Latent_supervised,seasonal_naive,joint#178,joint,17844.047941044555,16661.913871546312,97.51520437315475,86.2887372363178,0.0
Latent_supervised,seasonal_naive,joint#179,joint,22321.14202638866,16661.913871546312,97.51520437315475,86.2887372363178,0.0
Latent_supervised,seasonal_naive,joint#180,joint,19014.20042566574,16661.913871546312,97.51520437315475,86.2887372363178,0.0
Latent_supervised,seasonal_naive,joint#181,joint,18848.331741909213,16661.913871546312,97.51520437315475,86.2887372363178,0.0
Latent_supervised,seasonal_naive,joint#182,joint,20215.489178996366,16661.913871546312,97.51520437315475,86.2887372363178,0.0
Latent_supervised,seasonal_naive,joint#183,joint,19494.39043238981,16661.913871546312,97.51520437315475,86.2887372363178,0.0
Latent_supervised,seasonal_naive,joint#184,joint,24366.02034144721,16661.913871546312,97.51520437315475,86.2887372363178,0.0
Latent_supervised,seasonal_naive,joint#185,joint,18308.15285519571,16661.913871546312,97.51520437315475,86.2887372363178,0.0
Latent_supervised,seasonal_naive,joint#186,joint,21270.311656151458,16661.913871546312,97.51520437315475,86.2887372363178,0.0
Latent_supervised,seasonal_naive,joint#187,joint,21550.65662565642,16661.913871546312,97.51520437315475,86.2887372363178,0.0
Latent_supervised,seasonal_naive,joint#188,joint,22968.67858741656,16661.913871546312,97.51520437315475,86.2887372363178,0.0
Latent_supervised,seasonal_naive,joint#189,joint,23305.038308788353,16661.913871546312,97.51520437315475,86.2887372363178,0.0
Latent_supervised,seasonal_naive,joint#190,joint,20385.70577493785,16661.913871546312,97.51520437315475,86.2887372363178,0.0
Latent_supervised,seasonal_naive,joint#191,joint,21974.68350311792,16661.913871546312,97.51520437315475,86.2887372363178,0.0
Latent_supervised,seasonal_naive,joint#192,joint,24601.81807855669,16661.913871546312,97.51520437315475,86.2887372363178,0.0
Latent_supervised,seasonal_naive,joint#193,joint,22468.89420464788,16661.913871546312,97.51520437315475,86.2887372363178,0.0
Latent_supervised,seasonal_naive,joint#194,joint,19199.08102537553,16661.913871546312,97.51520437315475,86.2887372363178,0.0
Latent_supervised,seasonal_naive,joint#195,joint,21499.288515575612,16661.913871546312,97.51520437315475,86.2887372363178,0.0
Latent_supervised,seasonal_naive,joint#196,joint,18860.49575200509,16661.913871546312,97.51520437315475,86.2887372363178,0.0
Latent_supervised,seasonal_naive,joint#197,joint,23289.159712155764,16661.913871546312,97.51520437315475,86.2887372363178,0.0
Latent_supervised,seasonal_naive,joint#198,joint,18535.588547676118,16661.913871546312,97.51520437315475,86.2887372363178,0.0
Latent_supervised,seasonal_naive,joint#199,joint,22903.809331927732,16661.913871546312,97.51520437315475,86.2887372363178,0.0
Latent_supervised,seasonal_naive,joint#200,joint,21640.939694156667,16661.913871546312,97.51520437315475,86.2887372363178,0.0
Latent_supervised,seasonal_naive,joint#201,joint,19713.504917494345,16661.913871546312,97.51520437315475,86.2887372363178,0.0
Latent_supervised,seasonal_naive,joint#202,joint,19003.896025890976,16661.913871546312,97.51520437315475,86.2887372363178,0.0
Latent_supervised,seasonal_naive,joint#203,joint,20652.772215087803,16661.913871546312,97.51520437315475,86.2887372363178,0.0
Latent_supervised,seasonal_naive,joint#204,joint,23050.962931288577,16661.913871546312,97.51520437315475,86.2887372363178,0.0
Latent_supervised,seasonal_naive,joint#205,joint,19217.857768048336,16661.913871546312,97.51520437315475,86.2887372363178,0.0
Latent_supervised,seasonal_naive,joint#206,joint,20290.444057793487,16661.913871546312,97.51520437315475,86.2887372363178,0.0
Latent_supervised,seasonal_naive,joint#207,joint,19034.34288354096,16661.913871546312,97.51520437315475,86.2887372363178,0.0
Latent_supervised,seasonal_naive,joint#208,joint,18565.86010991873,16661.913871546312,97.51520437315475,86.2887372363178,0.0
Latent_supervised,seasonal_naive,joint#209,joint,20270.958748718516,16661.913871546312,97.51520437315475,86.2887372363178,0.0
Latent_supervised,seasonal_naive,joint#210,joint,18808.355121254936,16661.913871546312,97.51520437315475,86.2887372363178,0.0
Latent_supervised,seasonal_naive,joint#211,joint,24650.162291173783,16661.913871546312,97.51520437315475,86.2887372363178,0.0
Latent_supervised,seasonal_naive,joint#212,joint,19268.209192401235,16661.913871546312,97.51520437315475,86.2887372363178,0.0
Latent_supervised,seasonal_naive,joint#213,joint,22404.88688733833,16661.913871546312,97.51520437315475,86.2887372363178,0.0
Latent_supervised,seasonal_naive,joint#214,joint,19654.52792920496,16661.913871546312,97.51520437315475,86.2887372363178,0.0
Latent_supervised,seasonal_naive,joint#215,joint,19347.86578225686,16661.913871546312,97.51520437315475,86.2887372363178,0.0
Latent_supervised,seasonal_naive,joint#216,joint,18162.99497504633,16661.913871546312,97.51520437315475,86.2887372363178,0.0
Latent_supervised,seasonal_naive,joint#217,joint,21897.130102814866,16661.913871546312,97.51520437315475,86.2887372363178,0.0
Latent_supervised,seasonal_naive,joint#218,joint,17946.08455653334,16661.913871546312,97.51520437315475,86.2887372363178,0.0
Latent_supervised,seasonal_naive,joint#219,joint,21362.03933516709,16661.913871546312,97.51520437315475,86.2887372363178,0.0
Latent_supervised,seasonal_naive,joint#220,joint,22502.17254174772,16661.913871546312,97.51520437315475,86.2887372363178,0.0
Latent_supervised,seasonal_naive,joint#221,joint,22230.596991420956,16661.913871546312,97.51520437315475,86.2887372363178,0.0
Latent_supervised,seasonal_naive,joint#222,joint,22809.149234587057,16661.913871546312,97.51520437315475,86.2887372363178,0.0
Latent_supervised,seasonal_naive,joint#223,joint,22730.941887373512,16661.913871546312,97.51520437315475,86.2887372363178,0.0
Latent_supervised,seasonal_naive,joint#224,joint,21656.201263656258,16661.913871546312,97.51520437315475,86.2887372363178,0.0
Latent_supervised,seasonal_naive,joint#225,joint,17592.07355241786,16661.913871546312,97.51520437315475,86.2887372363178,0.0
Latent_supervised,seasonal_naive,joint#226,joint,18529.45303307864,16661.913871546312,97.51520437315475,86.2887372363178,0.0
Latent_supervised,seasonal_naive,joint#227,joint,21524.29648409246,16661.913871546312,97.51520437315475,86.2887372363178,0.0
Latent_supervised,seasonal_naive,joint#228,joint,22078.662752657678,16661.913871546312,97.51520437315475,86.2887372363178,0.0
Latent_supervised,seasonal_naive,joint#229,joint,18067.299458564998,16661.913871546312,97.51520437315475,86.2887372363178,0.0
Latent_supervised,seasonal_naive,joint#230,joint,18457.668780413882,16661.913871546312,97.51520437315475,86.2887372363178,0.0
Latent_supervised,seasonal_naive,joint#231,joint,17198.820205324966,16661.913871546312,97.51520437315475,86.2887372363178,0.0
Latent_supervised,seasonal_naive,joint#232,joint,20783.901610210723,16661.913871546312,97.51520437315475,86.2887372363178,0.0
Latent_supervised,seasonal_naive,joint#233,joint,21399.48125245617,16661.913871546312,97.51520437315475,86.2887372363178,0.0
Latent_supervised,seasonal_naive,joint#234,joint,23077.41148159116,16661.913871546312,97.51520437315475,86.2887372363178,0.0
Latent_supervised,seasonal_naive,joint#235,joint,22496.305452559907,16661.913871546312,97.51520437315475,86.2887372363178,0.0
Latent_supervised,seasonal_naive,joint#236,joint,16137.976071990211,16661.913871546312,97.51520437315475,86.2887372363178,0.0
Latent_supervised,seasonal_naive,joint#237,joint,18437.169306080563,16661.913871546312,97.51520437315475,86.2887372363178,0.0
Latent_supervised,seasonal_naive,joint#238,joint,20024.668751093526,16661.913871546312,97.51520437315475,86.2887372363178,0.0
Latent_supervised,seasonal_naive,joint#239,joint,20898.169855807075,16661.913871546312,97.51520437315475,86.2887372363178,0.0
Latent_supervised,seasonal_naive,joint#240,joint,19233.835422949014,16661.913871546312,97.51520437315475,86.2887372363178,0.0
Latent_supervised,seasonal_naive,joint#241,joint,21005.894018962354,16661.913871546312,97.51520437315475,86.2887372363178,0.0
Latent_supervised,seasonal_naive,joint#242,joint,20854.99882761992,16661.913871546312,97.51520437315475,86.2887372363178,0.0
Latent_supervised,seasonal_naive,joint#243,joint,19608.240172543014,16661.913871546312,97.51520437315475,86.2887372363178,0.0
Latent_supervised,seasonal_naive,joint#244,joint,18543.97543818003,16661.913871546312,97.51520437315475,86.2887372363178,0.0
Latent_supervised,seasonal_naive,joint#245,joint,20926.08871781757,16661.913871546312,97.51520437315475,86.2887372363178,0.0
Latent_supervised,seasonal_naive,joint#246,joint,20023.80039273814,16661.913871546312,97.51520437315475,86.2887372363178,0.0
Latent_supervised,seasonal_naive,joint#247,joint,19088.827801985703,16661.913871546312,97.51520437315475,86.2887372363178,0.0
Latent_supervised,seasonal_naive,joint#248,joint,19632.666507865484,16661.913871546312,97.51520437315475,86.2887372363178,0.0
Latent_supervised,seasonal_naive,joint#249,joint,20098.24486875011,16661.913871546312,97.51520437315475,86.2887372363178,0.0
Latent_supervised,seasonal_naive,joint#250,joint,18859.136320531645,16661.913871546312,97.51520437315475,86.2887372363178,0.0
Latent_supervised,seasonal_naive,joint#251,joint,19141.170540871855,16661.913871546312,97.51520437315475,86.2887372363178,0.0
Latent_supervised,seasonal_naive,joint#252,joint,21763.92847182384,16661.913871546312,97.51520437315475,86.2887372363178,0.0
Latent_supervised,seasonal_naive,joint#253,joint,24648.570409430293,16661.913871546312,97.51520437315475,86.2887372363178,0.0
Latent_supervised,seasonal_naive,joint#254,joint,19255.426814510014,16661.913871546312,97.51520437315475,86.2887372363178,0.0
Latent_supervised,seasonal_naive,joint#255,joint,15997.717576229545,16661.913871546312,97.51520437315475,86.2887372363178,0.0
Latent_supervised,seasonal_naive,joint#256,joint,16883.988892850102,16661.913871546312,97.51520437315475,86.2887372363178,0.0
Latent_supervised,seasonal_naive,joint#257,joint,23973.30924067475,16661.913871546312,97.51520437315475,86.2887372363178,0.0
Latent_supervised,seasonal_naive,joint#258,joint,21088.79508954004,16661.913871546312,97.51520437315475,86.2887372363178,0.0
Latent_supervised,seasonal_naive,joint#259,joint,21519.07884697988,16661.913871546312,97.51520437315475,86.2887372363178,0.0
Latent_supervised,seasonal_naive,joint#260,joint,22737.977158858717,16661.913871546312,97.51520437315475,86.2887372363178,0.0
Latent_supervised,seasonal_naive,joint#261,joint,24184.532875690347,16661.913871546312,97.51520437315475,86.2887372363178,0.0
Latent_supervised,seasonal_naive,joint#262,joint,22987.006702161052,16661.913871546312,97.51520437315475,86.2887372363178,0.0
Latent_supervised,seasonal_naive,joint#263,joint,18941.904875555618,16661.913871546312,97.51520437315475,86.2887372363178,0.0
Latent_supervised,seasonal_naive,joint#264,joint,22074.55774777254,16661.913871546312,97.51520437315475,86.2887372363178,0.0
Latent_supervised,seasonal_naive,joint#265,joint,24693.642868228082,16661.913871546312,97.51520437315475,86.2887372363178,0.0
Latent_supervised,seasonal_naive,joint#266,joint,22119.39078459936,16661.913871546312,97.51520437315475,86.2887372363178,0.0
Latent_supervised,seasonal_naive,joint#267,joint,20105.94897761849,16661.913871546312,97.51520437315475,86.2887372363178,0.0
Latent_supervised,seasonal_naive,joint#268,joint,19514.83600880589,16661.913871546312,97.51520437315475,86.2887372363178,0.0
Latent_supervised,seasonal_naive,joint#269,joint,19066.14928573739,16661.913871546312,97.51520437315475,86.2887372363178,0.0
Latent_supervised,seasonal_naive,joint#270,joint,20257.833965814345,16661.913871546312,97.51520437315475,86.2887372363178,0.0
Latent_supervised,seasonal_naive,joint#271,joint,17345.574514455748,16661.913871546312,97.51520437315475,86.2887372363178,0.0
Latent_supervised,seasonal_naive,joint#272,joint,22959.21193189177,16661.913871546312,97.51520437315475,86.2887372363178,0.0
Latent_supervised,seasonal_naive,joint#273,joint,17731.70383269248,16661.913871546312,97.51520437315475,86.2887372363178,0.0
Latent_supervised,seasonal_naive,joint#274,joint,19523.91183258806,16661.913871546312,97.51520437315475,86.2887372363178,0.0
Latent_supervised,seasonal_naive,joint#275,joint,21197.792320500528,16661.913871546312,97.51520437315475,86.2887372363178,0.0
Latent_supervised,seasonal_naive,joint#276,joint,23544.69974485761,16661.913871546312,97.51520437315475,86.2887372363178,0.0
Latent_supervised,seasonal_naive,joint#277,joint,22237.663062669402,16661.913871546312,97.51520437315475,86.2887372363178,0.0
Latent_supervised,seasonal_naive,joint#278,joint,20599.60956559905,16661.913871546312,97.51520437315475,86.2887372363178,0.0
Latent_supervised,seasonal_naive,joint#279,joint,17417.14692240485,16661.913871546312,97.51520437315475,86.2887372363178,0.0
Latent_supervised,seasonal_naive,joint#280,joint,19719.007291148395,16661.913871546312,97.51520437315475,86.2887372363178,0.0
Latent_supervised,seasonal_naive,joint#281,joint,22531.92928301326,16661.913871546312,97.51520437315475,86.2887372363178,0.0
Latent_supervised,seasonal_naive,joint#282,joint,17797.602145799035,16661.913871546312,97.51520437315475,86.2887372363178,0.0
Latent_supervised,seasonal_naive,joint#283,joint,17201.378581162186,16661.913871546312,97.51520437315475,86.2887372363178,0.0
Latent_supervised,seasonal_naive,joint#284,joint,22634.17392018785,16661.913871546312,97.51520437315475,86.2887372363178,0.0
Latent_supervised,seasonal_naive,joint#285,joint,22086.135738648743,16661.913871546312,97.51520437315475,86.2887372363178,0.0
Latent_supervised,seasonal_naive,joint#286,joint,23286.586904273157,16661.913871546312,97.51520437315475,86.2887372363178,0.0
Latent_supervised,seasonal_naive,joint#287,joint,22343.96136458031,16661.913871546312,97.51520437315475,86.2887372363178,0.0
Latent_supervised,seasonal_naive,joint#288,joint,22364.687832387543,16661.913871546312,97.51520437315475,86.2887372363178,0.0
Latent_supervised,seasonal_naive,joint#289,joint,18645.430232355226,16661.913871546312,97.51520437315475,86.2887372363178,0.0
Latent_supervised,seasonal_naive,joint#290,joint,17878.49769779785,16661.913871546312,97.51520437315475,86.2887372363178,0.0
Latent_supervised,seasonal_naive,joint#291,joint,18862.554499247504,16661.913871546312,97.51520437315475,86.2887372363178,0.0
Latent_supervised,seasonal_naive,joint#292,joint,17167.316127705246,16661.913871546312,97.51520437315475,86.2887372363178,0.0
Latent_supervised,seasonal_naive,joint#293,joint,18689.278968578394,16661.913871546312,97.51520437315475,86.2887372363178,0.0
Latent_supervised,seasonal_naive,joint#294,joint,20448.307747675593,16661.913871546312,97.51520437315475,86.2887372363178,0.0
Latent_supervised,seasonal_naive,joint#295,joint,19192.98280044196,16661.913871546312,97.51520437315475,86.2887372363178,0.0
Latent_supervised,seasonal_naive,joint#296,joint,21931.013724885743,16661.913871546312,97.51520437315475,86.2887372363178,0.0
Latent_supervised,seasonal_naive,joint#297,joint,21082.2066485342,16661.913871546312,97.51520437315475,86.2887372363178,0.0
Latent_supervised,seasonal_naive,joint#298,joint,21700.866856490837,16661.913871546312,97.51520437315475,86.2887372363178,0.0
Latent_supervised,seasonal_naive,joint#299,joint,20274.891115718165,16661.913871546312,97.51520437315475,86.2887372363178,0.0
Observed,catboost,default,reference,50164.565841161784,37781.17570186265,93.64451527982794,77.23258197531574,1.0
Observed,catboost,flat,reference,36448.92259356149,36448.92259356149,94.2078087242756,78.49301879643326,1.0
Observed,catboost,perishability_weights[0] x0.8,one_at_a_time,50121.950859088596,37726.44883447852,93.65705306042955,77.24392104098092,1.0
Observed,catboost,perishability_weights[1] x0.8,one_at_a_time,50081.133759809425,37757.66313968484,93.65171474052478,77.24436828892594,1.0
Observed,catboost,perishability_weights[2] x0.8,one_at_a_time,50284.861054782465,37855.383179332224,93.62578557454715,77.2106117358841,1.0
Observed,catboost,slow_moving_weights[0] x0.8,one_at_a_time,50030.308955226305,37665.89692655094,93.66927027236734,77.25015398109782,1.0
Observed,catboost,slow_moving_weights[1] x0.8,one_at_a_time,50292.62420773847,37891.82317165389,93.6208331793236,77.21601483198694,1.0
Observed,catboost,criticality_weights[0] x0.8,one_at_a_time,50112.27158536393,37824.206018847064,93.63640232522302,77.23032310106218,1.0
Observed,catboost,criticality_weights[1] x0.8,one_at_a_time,50212.23605401551,37742.886683524084,93.65166752440072,77.23433721872492,1.0
Observed,catboost,perishability_base x0.8,one_at_a_time,46962.094227306785,36511.2389827643,94.05962703942603,77.9693443495703,1.0
Observed,catboost,perishability_multiplier x0.8,one_at_a_time,47975.90662278414,36769.881495734095,93.94679515089743,77.71139093329293,1.0
Observed,catboost,slow_moving_base x0.8,one_at_a_time,45752.476729414484,35881.76782172169,94.23483307620813,78.21799629791232,1.0
Observed,catboost,slow_moving_multiplier x0.8,one_at_a_time,49174.718231083,37421.904697034646,93.77008937388769,77.47205312512227,1.0
Observed,catboost,service_criticality_base x0.8,one_at_a_time,46586.39448805236,39657.246962772864,93.04996958109749,76.21548315311844,1.0
Observed,catboost,service_criticality_multiplier x0.8,one_at_a_time,48831.34905995257,38566.58975412781,93.42907679357486,76.93443079584041,1.0
Observed,catboost,perishability_weights[0] x1.2,one_at_a_time,50198.80861173022,37825.93442295331,93.63428585021192,77.22340236691693,1.0
Observed,catboost,perishability_weights[1] x1.2,one_at_a_time,50237.8285334822,37802.09883103281,93.6381471224905,77.22224026564331,1.0
Observed,catboost,perishability_weights[2] x1.2,one_at_a_time,50052.592585746606,37712.41718300513,93.6618843184984,77.25299477772042,1.0
Observed,catboost,slow_moving_weights[0] x1.2,one_at_a_time,50269.882646549144,37872.111232521725,93.62504948029459,77.21895604080956,1.0
Observed,catboost,slow_moving_weights[1] x1.2,one_at_a_time,50055.14361212542,37687.17153141326,93.66469371860813,77.24688041459468,1.0
Observed,catboost,criticality_weights[0] x1.2,one_at_a_time,50203.76003150444,37749.441459018795,93.65044676792398,77.23405066096197,1.0
Observed,catboost,criticality_weights[1] x1.2,one_at_a_time,50122.184857896114,37816.014720552805,93.63795290107744,77.23077669439041,1.0
Observed,catboost,perishability_base x1.2,one_at_a_time,53213.129043526016,39097.78887090232,93.23224554000623,76.53777772886723,1.0
Observed,catboost,perishability_multiplier x1.2,one_at_a_time,52280.73894346427,38799.44581651536,93.34584509369502,76.772192270963,1.0
Observed,catboost,slow_moving_base x1.2,one_at_a_time,54339.48885529324,39756.914787035596,93.05981251902558,76.31947290556923,1.0
Observed,catboost,slow_moving_multiplier x1.2,one_at_a_time,51131.90028127149,38145.93559234288,93.51942344126878,76.99860958005222,1.0
Observed,catboost,service_criticality_base x1.2,one_at_a_time,53495.51508931421,36429.20961339951,94.0919864991881,78.03808882287166,1.0
Observed,catboost,service_criticality_multiplier x1.2,one_at_a_time,51466.10454402355,37086.112739371885,93.8378900961139,77.5068083726865,1.0
Observed,catboost,joint#0,joint,51195.26728797617,35785.883330992874,94.31004186759174,78.4409469201797,1.0
Observed,catboost,joint#1,joint,42903.348107305086,35850.013697174574,94.19822536322577,78.05719178295459,1.0
Observed,catboost,joint#2,joint,48113.157100256554,42047.54914046544,92.39026210426186,75.29265427972314,1.0
Observed,catboost,joint#3,joint,45079.27070184337,34622.42438461367,94.65406962538681,78.97755430409453,1.0
Observed,catboost,joint#4,joint,45185.08271150371,37118.43105985348,93.81933346759695,77.45757220616579,1.0
Observed,catboost,joint#5,joint,52678.00948773356,39218.289075062734,93.22720432086953,76.59888215956583,1.0
Observed,catboost,joint#6,joint,53759.836735674995,38505.29331817521,93.45418337742568,76.989332124681,1.0
Observed,catboost,joint#7,joint,49182.37837223058,35348.20525957256,94.44603374158767,78.6678838845052,1.0
Observed,catboost,joint#8,joint,49279.66336306589,34522.22645556997,94.70749466119307,79.11453815390011,1.0
Observed,catboost,joint#9,joint,43930.21613471213,38179.40700977785,93.51506449711883,77.00429726392935,1.0
Observed,catboost,joint#10,joint,51026.66400687262,35793.472569330865,94.33043700989302,78.52380088449974,1.0
Observed,catboost,joint#11,joint,48981.62060833917,44600.198682264454,91.67022707029068,74.24794579264606,1.0
Observed,catboost,joint#12,joint,47433.54293575227,37447.37357363578,93.82499974666787,77.69848045945653,1.0
Observed,catboost,joint#13,joint,50687.71628698888,36893.68072280695,93.9594119684473,77.84204887085815,1.0
Observed,catboost,joint#14,joint,60588.78388371432,41469.12847325514,92.58572696987332,75.65261441367828,1.0
Observed,catboost,joint#15,joint,53063.94160153034,36293.57014477191,94.15516140616208,78.18863452550825,1.0
Observed,catboost,joint#16,joint,43374.18649770784,35905.11156756279,94.16196595652788,77.95561716448825,1.0
Observed,catboost,joint#17,joint,49524.92054549967,43014.56271792837,92.08868624373065,74.78701025424353,1.0
Observed,catboost,joint#18,joint,56074.314030399684,36474.79535752423,94.07008163636054,77.9849262250463,1.0
Observed,catboost,joint#19,joint,51748.177893770015,35428.46489502973,94.46171333050312,78.7811979488217,1.0
Observed,catboost,joint#20,joint,43380.4550510797,37912.97260892419,93.5535127409023,76.97332988083993,1.0
Observed,catboost,joint#21,joint,45412.899653454755,38878.14588588288,93.26403032414203,76.51258777040123,1.0
Observed,catboost,joint#22,joint,47216.81585148431,37592.67826209117,93.6466553832452,77.11508014633102,1.0
Observed,catboost,joint#23,joint,43533.6768828475,37835.821162625376,93.65392139800798,77.3048906297692,1.0
Observed,catboost,joint#24,joint,56780.309434081195,40671.436375147576,92.77325631614639,75.83612464393887,1.0
Observed,catboost,joint#25,joint,51579.456678487535,38883.6972348772,93.34142622715207,76.81150472304465,1.0
Observed,catboost,joint#26,joint,60242.30514910162,39209.1636969479,93.22807927247648,76.59613595701728,1.0
Observed,catboost,joint#27,joint,47695.00036279424,35376.005431474856,94.38996949944858,78.4725679728145,1.0
Observed,catboost,joint#28,joint,48709.37595302102,36617.89003825958,93.98815572429645,77.76782752753651,1.0
Observed,catboost,joint#29,joint,58757.522784068475,38320.488194682985,93.47981954676786,76.96391435969286,1.0
Observed,catboost,joint#30,joint,50951.51470111732,36949.62411752432,93.90175515294081,77.65942045510198,1.0
Observed,catboost,joint#31,joint,54946.6470701711,42413.16454080192,92.2971850269096,75.18136813856223,1.0
Observed,catboost,joint#32,joint,47025.49609082632,40796.10307667169,92.73851313824247,75.78671269293775,1.0
Observed,catboost,joint#33,joint,42866.69221157275,34944.98956421235,94.57841233991363,78.90401342190235,1.0
Observed,catboost,joint#34,joint,46925.981205589065,35088.59130386573,94.58458478436962,79.0232918575227,1.0
Observed,catboost,joint#35,joint,54105.71280267564,37439.98612346422,93.80387782674094,77.61298882704166,1.0
Observed,catboost,joint#36,joint,39543.119655940514,36669.3292810866,93.91769809558956,77.53336939817206,1.0
Observed,catboost,joint#37,joint,44696.49231634215,36885.90966441001,93.90931502701608,77.64578025547117,1.0
Observed,catboost,joint#38,joint,59449.04219077526,39492.22351712921,93.13395111740527,76.4258035706686,1.0
Observed,catboost,joint#39,joint,51494.62280830616,38863.707119584105,93.32729615476721,76.74428075704985,1.0
Observed,catboost,joint#40,joint,48791.14065782488,35266.03821526539,94.44299157796858,78.60150193922695,1.0
Observed,catboost,joint#41,joint,48415.45472022175,38958.56447751532,93.27486983235282,76.60754598171239,1.0
Observed,catboost,joint#42,joint,54390.01652010399,40886.03940799352,92.77830905315992,75.99846630460542,1.0
Observed,catboost,joint#43,joint,50633.386602631945,39245.112740195844,93.18802652066327,76.46732625929529,1.0
Observed,catboost,joint#44,joint,47750.57750810088,35790.6855719734,94.2812434602483,78.33430084049671,1.0
Observed,catboost,joint#45,joint,51061.70546616304,39025.854017295555,93.27745017291369,76.6622480299459,1.0
Observed,catboost,joint#46,joint,47378.17297182752,37537.1111919347,93.74469279141697,77.45198567563216,1.0
Observed,catboost,joint#47,joint,47648.749871984546,38195.713432112796,93.48706875050367,76.90838227770553,1.0
Observed,catboost,joint#48,joint,53207.30321847729,41161.071374314444,92.70901418856404,75.91750519507384,1.0
Observed,catboost,joint#49,joint,42197.1788840913,36455.146229041726,94.02625281820815,77.80464779252951,1.0
Observed,catboost,joint#50,joint,55949.26910032127,39519.28251733533,93.0925907739816,76.28607954878883,1.0
Observed,catboost,joint#51,joint,46786.552867951774,36676.51314389297,94.03601717956059,77.98947055247213,1.0
Observed,catboost,joint#52,joint,55411.303833854276,39884.68916151597,93.05385303808467,76.3819241994811,1.0
Observed,catboost,joint#53,joint,56891.938690981246,36882.19352236458,93.93135015689812,77.72735280715607,1.0
Observed,catboost,joint#54,joint,45556.92193268165,34791.360097176286,94.63849022266314,79.03075261827412,1.0
Observed,catboost,joint#55,joint,47415.41829779218,39640.6983021757,93.06140959041065,76.24808705867606,1.0
Observed,catboost,joint#56,joint,57304.976631190075,38515.714931445254,93.4249657256916,76.88483314298327,1.0
Observed,catboost,joint#57,joint,47923.72338032958,41319.61029585603,92.58221668183772,75.53954611664528,1.0
Observed,catboost,joint#58,joint,40245.1990762721,36744.96157866004,93.96533589860921,77.7654987935996,1.0
Observed,catboost,joint#59,joint,53991.47754344314,39335.81121575936,93.19275883526967,76.54584267446356,1.0
Observed,catboost,joint#60,joint,41946.832671198375,34408.870417349186,94.74074924758297,79.1658125190079,1.0
Observed,catboost,joint#61,joint,42956.22233169496,38934.366548420214,93.3145353622104,76.74271275051338,1.0
Observed,catboost,joint#62,joint,54199.991543331926,36188.8940213103,94.16088963218903,78.14069997546771,1.0
Observed,catboost,joint#63,joint,54574.34454374145,36709.88090132152,93.97899047967819,77.794195201453,1.0
Observed,catboost,joint#64,joint,53955.77462641738,36054.91285521871,94.18577094640969,78.14628555745176,1.0
Observed,catboost,joint#65,joint,52345.65402194253,36252.681041852156,94.12743358215026,78.0556111431261,1.0
Observed,catboost,joint#66,joint,55137.78033108432,41525.771091488845,92.57399618285433,75.64563068154747,1.0
Observed,catboost,joint#67,joint,44782.02978210966,38842.80059060413,93.30518416979142,76.64599993813738,1.0
Observed,catboost,joint#68,joint,58162.476093413425,40724.754881017805,92.84001057125815,76.12629526195904,1.0
Observed,catboost,joint#69,joint,43744.65515596486,36827.20804698441,93.88130641812147,77.49981084800673,1.0
Observed,catboost,joint#70,joint,44311.55681573811,37353.92167429752,93.7277566911427,77.26525889967752,1.0
Observed,catboost,joint#71,joint,47364.91531276209,36073.09766678828,94.19594693952057,78.19722369473998,1.0
Observed,catboost,joint#72,joint,49408.26591894333,38861.776310898524,93.27813119020671,76.55546053937654,1.0
Observed,catboost,joint#73,joint,46879.66603973601,35727.32102434529,94.31511964329961,78.42127386118153,1.0
Observed,catboost,joint#74,joint,50722.48832815627,39350.725466345735,93.18259819029406,76.5170291219688,1.0
Observed,catboost,joint#75,joint,48330.61379878009,38337.03866376092,93.50657359448347,77.07699765010062,1.0
Observed,catboost,joint#76,joint,47321.37705373467,35689.85058551843,94.36518776001647,78.58727153050108,1.0
Observed,catboost,joint#77,joint,42185.63277165571,34813.38619019386,94.5895447806341,78.8587410069808,1.0
Observed,catboost,joint#78,joint,48426.09655154292,41211.23066170591,92.59510154265247,75.51644056098681,1.0
Observed,catboost,joint#79,joint,46974.810897106254,37775.78992025844,93.67845252357463,77.35844041432814,1.0
Observed,catboost,joint#80,joint,46522.05884932024,36881.4890931769,93.91739166222087,77.6736404248567,1.0
Observed,catboost,joint#81,joint,54583.76031671223,37987.69447557374,93.59763476052461,77.19144184891445,1.0
Observed,catboost,joint#82,joint,52236.699766601014,36701.22107208517,94.01386529014661,77.92144716166989,1.0
Observed,catboost,joint#83,joint,48316.867767302996,36823.072832984835,93.92165188195744,77.65094627507837,1.0
Observed,catboost,joint#84,joint,50853.12430263184,38501.95933965656,93.33430484060105,76.52984924095297,1.0
Observed,catboost,joint#85,joint,48878.96159218578,36889.117707657075,93.94310984883816,77.77682466215995,1.0
Observed,catboost,joint#86,joint,51887.29681432998,38260.87417993781,93.49564386360103,76.98453136865993,1.0
Observed,catboost,joint#87,joint,49918.53229067348,36081.53720157784,94.12577410648522,77.93518540736574,1.0
Observed,catboost,joint#88,joint,54563.851858217524,38648.95822581175,93.46416848323614,77.12319554592955,1.0
Observed,catboost,joint#89,joint,42161.23498845582,36559.47684371001,94.02691560128676,77.87672963076116,1.0
Observed,catboost,joint#90,joint,56000.69729893412,39369.85122493071,93.1736449533587,76.4956287337863,1.0
Observed,catboost,joint#91,joint,48394.81831850608,37657.39895262247,93.63147232931583,77.10031359725326,1.0
Observed,catboost,joint#92,joint,51528.89861155354,40284.25434073018,92.8648083675075,75.92721602663607,1.0
Observed,catboost,joint#93,joint,47207.98004599038,37799.18985355829,93.62179537982182,77.15792946837638,1.0
Observed,catboost,joint#94,joint,45770.41772383146,41638.79048580893,92.47503143863179,75.3434895055535,1.0
Observed,catboost,joint#95,joint,46498.58132008939,35065.083709963495,94.52491655984879,78.7800238723002,1.0
Observed,catboost,joint#96,joint,47984.37352095266,35250.27367963796,94.48100882776723,78.7360038321989,1.0
Observed,catboost,joint#97,joint,53573.315616837266,39118.925344572075,93.19335827946664,76.40353859131758,1.0
Observed,catboost,joint#98,joint,50376.123195444045,41283.51557478808,92.60097015843448,75.58701553276798,1.0
Observed,catboost,joint#99,joint,40699.59719912535,37666.231038409256,93.63468518566623,77.11845665418923,1.0
Observed,catboost,joint#100,joint,48246.306461182765,41483.04311607045,92.51113152129611,75.37735673811956,1.0
Observed,catboost,joint#101,joint,47706.72574925356,35216.66861037719,94.52706429686106,78.88927272073981,1.0
Observed,catboost,joint#102,joint,51848.34026000567,39622.550674846636,93.05544011092036,76.21321887995362,1.0
Observed,catboost,joint#103,joint,52415.64718268663,36085.285445945396,94.19271031792698,78.19300323184048,1.0
Observed,catboost,joint#104,joint,48816.82220442938,38001.81384608273,93.59735177011143,77.19977533448234,1.0
Observed,catboost,joint#105,joint,46912.70057632864,33037.667053419136,95.21591403146155,80.06412781855106,1.0
Observed,catboost,joint#106,joint,54332.23821357836,37516.56752003108,93.68713021296374,77.21872533643902,1.0
Observed,catboost,joint#107,joint,46247.35943322875,36985.30017180716,93.8827572564226,77.61073962153318,1.0
Observed,catboost,joint#108,joint,50479.359005491206,36459.70004815499,94.08076013663047,78.01559435965618,1.0
Observed,catboost,joint#109,joint,60638.113649946215,40295.18618921224,92.93070522512933,76.18585844797376,1.0
Observed,catboost,joint#110,joint,49623.276536216465,35042.56077551583,94.51064964677425,78.71058940016609,1.0
Observed,catboost,joint#111,joint,54653.68392143355,36289.98008159705,94.12255275734024,78.06185993303409,1.0
Observed,catboost,joint#112,joint,57341.81024804264,39554.20285015111,93.16112808731833,76.5707859490696,1.0
Observed,catboost,joint#113,joint,52149.87358375406,42712.30485673787,92.214238008841,75.06440499576108,1.0
Observed,catboost,joint#114,joint,47637.24011174879,38497.38644310514,93.40921110234596,76.81252030153891,1.0
Observed,catboost,joint#115,joint,52518.004819095746,38914.709053606355,93.30236858698572,76.68319925915785,1.0
Observed,catboost,joint#116,joint,46396.64412270823,35806.03427833617,94.25590753353144,78.24789289503288,1.0
Observed,catboost,joint#117,joint,44024.36438252179,37429.56731444875,93.78643331928144,77.53950327404685,1.0
Observed,catboost,joint#118,joint,51955.66304291996,36438.022438592045,94.06323178353819,77.93428312196711,1.0
Observed,catboost,joint#119,joint,51837.33593422072,40275.52716320258,92.93810592287251,76.20098137679963,1.0
Observed,catboost,joint#120,joint,57892.40926111994,38207.214893968274,93.51697534885778,77.03012453517901,1.0
Observed,catboost,joint#121,joint,56569.43474827672,39394.44648584545,93.15632147798689,76.44594755437119,1.0
Observed,catboost,joint#122,joint,52062.33229475148,41955.34856755986,92.47030844127956,75.53651300131595,1.0
Observed,catboost,joint#123,joint,52666.01977045099,39645.29741981709,93.13807893272774,76.54359782433843,1.0
Observed,catboost,joint#124,joint,39108.37068794815,36300.43499302178,94.07795404337723,77.89871419851556,1.0
Observed,catboost,joint#125,joint,55772.89417313605,38186.36916048894,93.5092242097761,76.98666172295528,1.0
Observed,catboost,joint#126,joint,45974.358380328,41313.70146372402,92.56342057280504,75.46391171614493,1.0
Observed,catboost,joint#127,joint,57709.586066365584,38373.877109537876,93.46247793695272,76.93335977822515,1.0
Observed,catboost,joint#128,joint,50937.90292984501,34446.88230611762,94.74226754269559,79.19694510658383,1.0
Observed,catboost,joint#129,joint,50273.95129747101,34763.09856348923,94.61499260211477,78.92228314610792,1.0
Observed,catboost,joint#130,joint,50844.38851475934,36731.215271753565,94.01735519766484,77.95475506819514,1.0
Observed,catboost,joint#131,joint,46503.391970638244,40884.77551810668,92.72199889899703,75.78283635404635,1.0
Observed,catboost,joint#132,joint,53343.57572285028,37821.818997082235,93.66162490381565,77.32493981872284,1.0
Observed,catboost,joint#133,joint,54000.32124975633,39193.525585050986,93.20091046694176,76.48207886793398,1.0
Observed,catboost,joint#134,joint,52702.63805776844,38440.61748681638,93.47553711462919,77.02766580460519,1.0
Observed,catboost,joint#135,joint,48339.22664191098,37863.984283827784,93.65621616256654,77.33241910847104,1.0
Observed,catboost,joint#136,joint,58115.83171146954,40795.51383877729,92.75455324653589,75.84750266005723,1.0
Observed,catboost,joint#137,joint,44707.94266227895,40192.96887118149,92.95595350733447,76.2140196776938,1.0
Observed,catboost,joint#138,joint,54258.40610309925,36064.70878805031,94.15940322338724,78.05224011752193,1.0
Observed,catboost,joint#139,joint,48701.580922947716,38300.72731612079,93.48191991652568,76.95875201292185,1.0
Observed,catboost,joint#140,joint,49194.724533912915,35623.92814871653,94.32977914537186,78.40826193679989,1.0
Observed,catboost,joint#141,joint,52570.79929876226,39498.26504899372,93.10998959516638,76.33843331951888,1.0
Observed,catboost,joint#142,joint,42455.51281905858,38430.11020059776,93.44603621931215,76.90813382946209,1.0
Observed,catboost,joint#143,joint,53713.44117364021,38813.249316510264,93.28181811158426,76.53717246553343,1.0
Observed,catboost,joint#144,joint,47845.224501972996,35271.35769665663,94.52362351822966,78.91260773357807,1.0
Observed,catboost,joint#145,joint,45781.891864574514,34273.89953092818,94.87074801851949,79.5716944039666,1.0
Observed,catboost,joint#146,joint,46887.065589010395,33730.92935976267,94.96066087234925,79.55267453474634,1.0
Observed,catboost,joint#147,joint,55733.53784896442,40041.76835820517,92.9636895647052,76.14272746516318,1.0
Observed,catboost,joint#148,joint,57252.781015008564,38077.2291121875,93.5829242535586,77.19502039611669,1.0
Observed,catboost,joint#149,joint,49006.45991723174,37202.883064288304,93.79116538728964,77.40643026478403,1.0
Observed,catboost,joint#150,joint,45472.710450080594,35234.65737725465,94.37730031275365,78.33001106223234,1.0
Observed,catboost,joint#151,joint,46429.97158761944,37132.73336684978,93.8368509648,77.53392516717714,1.0
Observed,catboost,joint#152,joint,47457.11256086148,34948.7148230399,94.53806839185515,78.75261047310804,1.0
Observed,catboost,joint#153,joint,53506.83613508992,38412.1197488335,93.4602173883508,76.9502323185941,1.0
Observed,catboost,joint#154,joint,44388.23915412588,37495.143029601124,93.72127288237347,77.33467487090822,1.0
Observed,catboost,joint#155,joint,48038.622877598726,35395.16658927147,94.40153639550401,78.52946241603753,1.0
Observed,catboost,joint#156,joint,55212.8634927113,40046.67722216879,93.01010198970712,76.32303386852402,1.0
Observed,catboost,joint#157,joint,41185.35685884062,36274.0534396939,94.09636903049774,77.95136793813191,1.0
Observed,catboost,joint#158,joint,55622.01137654329,43507.81393948209,91.98911584041923,74.73604675957392,1.0
Observed,catboost,joint#159,joint,49699.21458862549,36980.07707335424,93.86872245525295,77.55372373241099,1.0
Observed,catboost,joint#160,joint,47494.04485290914,36570.20729491477,93.94569063878626,77.57406178950441,1.0
Observed,catboost,joint#161,joint,42842.19181042677,36124.68506258131,94.15810185316037,78.0872604023602,1.0
Observed,catboost,joint#162,joint,44125.72362307164,34557.211160145685,94.66121636792211,78.96133908998362,1.0
Observed,catboost,joint#163,joint,46165.25488538995,42533.992766055264,92.2925020081941,75.2440575563511,1.0
Observed,catboost,joint#164,joint,56050.865507713854,40230.69389095135,92.90706099986139,76.05267592916968,1.0
Observed,catboost,joint#165,joint,48263.76364394328,35187.83226587877,94.51640994958362,78.82940894516084,1.0
Observed,catboost,joint#166,joint,50810.58514688154,36292.28632135127,94.11139604670117,78.02084168417154,1.0
Observed,catboost,joint#167,joint,52481.451561363654,36835.893404709386,93.88224252240298,77.50917172783836,1.0
Observed,catboost,joint#168,joint,56289.75292975384,41636.12803809435,92.52442465936296,75.53011820413968,1.0
Observed,catboost,joint#169,joint,45093.92958281789,37540.678671361784,93.6720047163826,77.17710530583557,1.0
Observed,catboost,joint#170,joint,51772.182726136554,36808.53857114909,94.01018056792574,77.97893729367826,1.0
Observed,catboost,joint#171,joint,48187.24378480661,36960.83251916115,93.9535133311408,77.86431719238162,1.0
Observed,catboost,joint#172,joint,58435.047857241734,39053.303671313704,93.2431924766696,76.54987651712426,1.0
Observed,catboost,joint#173,joint,50664.69711896611,37403.02121817741,93.80472911559879,77.59159268140183,1.0
Observed,catboost,joint#174,joint,42382.29415626783,38883.38015416078,93.34038656572378,76.80732769002374,1.0
Observed,catboost,joint#175,joint,51360.48058497583,36777.43580162586,93.90889583999783,77.57186541557971,1.0
Observed,catboost,joint#176,joint,61278.20650497302,40031.890270900316,93.0137456161397,76.32707401413323,1.0
Observed,catboost,joint#177,joint,54704.423187624576,41030.89713143454,92.67877350099882,75.71537341279199,1.0
Observed,catboost,joint#178,joint,42717.036057798876,37457.02781599351,93.69503361019827,77.20917862481895,1.0
Observed,catboost,joint#179,joint,56196.58050086051,40517.79123627236,92.85278280258447,76.03703742283949,1.0
Observed,catboost,joint#180,joint,45333.37258132518,36693.70013891338,93.98803834351536,77.81791986175419,1.0
Observed,catboost,joint#181,joint,42984.56315935283,35569.14242265179,94.36296038141826,78.4983033918568,1.0
Observed,catboost,joint#182,joint,45785.127140147335,35473.94774369034,94.38359087782385,78.51353247058422,1.0
Observed,catboost,joint#183,joint,43777.300091377634,34982.79266047687,94.53195644110986,78.7520158338411,1.0
Observed,catboost,joint#184,joint,62217.70272276854,40489.06987345938,92.85039570301082,76.0087845838172,1.0
Observed,catboost,joint#185,joint,43748.0578047806,37393.79751969664,93.76981962996777,77.45228610572326,1.0
Observed,catboost,joint#186,joint,49522.58213437932,36521.539029517255,94.10230720216542,78.13900867245668,1.0
Observed,catboost,joint#187,joint,56105.513908263165,41476.89349495786,92.56999987651598,75.59780225495906,1.0
Observed,catboost,joint#188,joint,50236.90679116858,34477.60828740123,94.72155290819559,79.13841596285387,1.0
Observed,catboost,joint#189,joint,52995.679537083444,35686.645134444465,94.31559763651957,78.39597984080447,1.0
Observed,catboost,joint#190,joint,53558.301669622284,43168.63252646461,92.06876146541023,74.81372312671071,1.0
Observed,catboost,joint#191,joint,53492.54680163339,38426.86792380476,93.447887800078,76.91303491239458,1.0
Observed,catboost,joint#192,joint,60927.8653814894,39666.94347421962,93.08979663429608,76.37386232423722,1.0
Observed,catboost,joint#193,joint,55455.28552266127,38566.51233379991,93.376736757496,76.73473529571864,1.0
Observed,catboost,joint#194,joint,47422.02517300958,38325.501123323775,93.44825379729058,76.84685309155972,1.0
Observed,catboost,joint#195,joint,46899.17976334797,34651.60156085877,94.66220826354649,79.0280494735635,1.0
Observed,catboost,joint#196,joint,43833.27954371518,36418.20903484163,94.05528110197395,77.89074740214015,1.0
Observed,catboost,joint#197,joint,49134.52003908111,33590.516363761606,95.0262451533592,79.70922811249471,1.0
Observed,catboost,joint#198,joint,45520.28027239384,38226.37262473733,93.49996743816862,76.97802201385325,1.0
Observed,catboost,joint#199,joint,58408.01207543262,40275.762122639724,92.8772693489993,75.96908525216298,1.0
Observed,catboost,joint#200,joint,47382.06304372301,34326.17019235966,94.76671829629365,79.20973440903497,1.0
Observed,catboost,joint#201,joint,50753.51317331345,41548.800743449116,92.49574514686469,75.36250594211397,1.0
Observed,catboost,joint#202,joint,49454.454422433046,42319.330135057404,92.31531422742208,75.18796321609446,1.0
Observed,catboost,joint#203,joint,50734.00726914555,38746.958654224356,93.39509722713792,76.92506633506096,1.0
Observed,catboost,joint#204,joint,51926.46679883562,35333.31216839464,94.44109427108168,78.6391142245035,1.0
Observed,catboost,joint#205,joint,45616.96643639772,37206.64996984888,93.82612845538208,77.54230336146345,1.0
Observed,catboost,joint#206,joint,46002.15080366892,35088.5380632922,94.48590177010853,78.6468435452176,1.0
Observed,catboost,joint#207,joint,44070.17498911756,36374.47113129399,94.09779553559937,78.023754273859,1.0
Observed,catboost,joint#208,joint,43437.3067314503,36150.4569981003,94.0738669763367,77.7831393120874,1.0
Observed,catboost,joint#209,joint,49565.522765210044,37716.316012733325,93.60041369171513,77.02112272544441,1.0
Observed,catboost,joint#210,joint,45458.119073269,38296.843442677295,93.50190136519385,77.03237925844948,1.0
Observed,catboost,joint#211,joint,59582.358102692844,38053.162041806594,93.59361330499722,77.21974760270419,1.0
Observed,catboost,joint#212,joint,51217.518909982726,45060.631466103456,91.53035699642685,74.02138577529256,1.0
Observed,catboost,joint#213,joint,56388.90448060854,39393.72284547311,93.16042296948186,76.46110970403922,1.0
Observed,catboost,joint#214,joint,50007.425009452025,39435.162643529824,93.08249251316114,76.19148120250026,1.0
Observed,catboost,joint#215,joint,50639.81805152734,43177.92913288163,92.06673107087263,74.8121762029285,1.0
Observed,catboost,joint#216,joint,44339.49845578429,37931.76499623139,93.5286450673652,76.89100381018226,1.0
Observed,catboost,joint#217,joint,50988.78056500307,36441.03481102889,94.11328205202378,78.12720125249979,1.0
Observed,catboost,joint#218,joint,43732.3171223337,37494.42652435369,93.66471411047172,77.11846152518751,1.0
Observed,catboost,joint#219,joint,46944.55448605582,34799.477287490685,94.62792263629166,78.9958554701426,1.0
Observed,catboost,joint#220,joint,54327.24106875638,37888.21992270541,93.60048158605208,77.13598430572567,1.0
Observed,catboost,joint#221,joint,56584.46908042809,41233.40725783375,92.66328519877725,75.79130215989568,1.0
Observed,catboost,joint#222,joint,52112.97638020331,36215.9814871894,94.15913689001944,78.15207269152413,1.0
Observed,catboost,joint#223,joint,54528.951831231076,38033.21101992724,93.61297255279143,77.28029011607354,1.0
Observed,catboost,joint#224,joint,52260.71896428238,37658.428722709825,93.71981950976476,77.43798830923413,1.0
Observed,catboost,joint#225,joint,42872.04164025583,37525.73147577736,93.62205351569474,76.97660850706015,1.0
Observed,catboost,joint#226,joint,46540.33549585208,39586.66032772775,93.0890100583113,76.31733994040029,1.0
Observed,catboost,joint#227,joint,50974.18553758274,37350.72357251675,93.80513474500573,77.5582748020152,1.0
Observed,catboost,joint#228,joint,54553.03138117945,38897.77794956646,93.38623885922208,76.99182350290873,1.0
Observed,catboost,joint#229,joint,42079.579663130135,36474.049217867636,94.08703220334684,78.04908441075999,1.0
Observed,catboost,joint#230,joint,47646.95681259755,41797.4502626417,92.45276900053034,75.36434567437722,1.0
Observed,catboost,joint#231,joint,42214.44980148831,38581.24841242473,93.3273619720542,76.556226003288,1.0
Observed,catboost,joint#232,joint,50833.48349875513,38319.56061584694,93.44691896087511,76.83780120287462,1.0
Observed,catboost,joint#233,joint,52578.721324481354,39102.626499947815,93.21593658468615,76.47879454241779,1.0
Observed,catboost,joint#234,joint,52310.701670888375,35652.56474940642,94.36275846397264,78.55314808996664,1.0
Observed,catboost,joint#235,joint,49830.09886853199,34951.94223969829,94.576978044243,78.9031776148428,1.0
Observed,catboost,joint#236,joint,39396.17107255448,38381.03360813367,93.43459545220146,76.83177686468223,1.0
Observed,catboost,joint#237,joint,43698.05928379328,37182.33405254389,93.80088660892497,77.42981118979749,1.0
Observed,catboost,joint#238,joint,50470.60833163015,40494.38271591853,92.86787982188797,76.07901725142577,1.0
Observed,catboost,joint#239,joint,52219.61430582918,39070.03978367516,93.23156383098194,76.51667805183979,1.0
Observed,catboost,joint#240,joint,48988.157323894295,39432.27945873549,93.13053954828074,76.3728279027145,1.0
Observed,catboost,joint#241,joint,50579.45797988954,37724.79726950356,93.66075073844299,77.25692428312519,1.0
Observed,catboost,joint#242,joint,47172.499375265856,35586.00411271608,94.38837041941338,78.6064676222415,1.0
Observed,catboost,joint#243,joint,46331.92286867559,36508.5695043131,94.02533726025257,77.83677103917007,1.0
Observed,catboost,joint#244,joint,46671.50998713542,39614.67485602718,93.06454296450343,76.2426899201551,1.0
Observed,catboost,joint#245,joint,53978.33539314812,40917.21507024326,92.70149923587229,75.72626956970184,1.0
Observed,catboost,joint#246,joint,48436.00095026466,37661.208373916554,93.6678151504491,77.24147791642716,1.0
Observed,catboost,joint#247,joint,49024.70895205237,41504.47107542063,92.57056236941672,75.61833286059672,1.0
Observed,catboost,joint#248,joint,48692.76687868786,38816.95207927075,93.31613755220187,76.67054777164901,1.0
Observed,catboost,joint#249,joint,49740.38641195302,38418.38739876107,93.35750875942504,76.56264277846574,1.0
Observed,catboost,joint#250,joint,45053.258346304356,37089.87189950931,93.843248465785,77.52975324538694,1.0
Observed,catboost,joint#251,joint,47451.30533548768,38771.56045236165,93.30628328827585,76.6026989493022,1.0
Observed,catboost,joint#252,joint,52513.44252217329,37653.45291408231,93.65774367234387,77.19789133844542,1.0
Observed,catboost,joint#253,joint,60533.38809357244,38656.06387046301,93.41627567266148,76.94525208732028,1.0
Observed,catboost,joint#254,joint,45115.22013670298,36910.51731718751,93.9254434447876,77.72370499409337,1.0
Observed,catboost,joint#255,joint,38222.989500879405,37063.32497618255,93.88632950483745,77.67638200924944,1.0
Observed,catboost,joint#256,joint,42072.53192553031,38954.45056832663,93.28256415381007,76.63415230912439,1.0
Observed,catboost,joint#257,joint,56251.73764729858,36883.75010663508,93.91995718741384,77.68493361102068,1.0
Observed,catboost,joint#258,joint,53774.825938000875,40490.37632778444,92.86271573213128,76.05664861413929,1.0
Observed,catboost,joint#259,joint,52308.95606988061,38620.83859740523,93.37744307086497,76.77364694022859,1.0
Observed,catboost,joint#260,joint,52244.076305195296,36065.593579405395,94.23281855825284,78.33286270068619,1.0
Observed,catboost,joint#261,joint,61353.0931169737,40657.3154576337,92.82807264172679,76.03580005205617,1.0
Observed,catboost,joint#262,joint,56561.96185112378,38203.239764966915,93.48330974828237,76.89906163470353,1.0
Observed,catboost,joint#263,joint,46364.707831930675,38628.72682114795,93.43276217553964,76.98991289105747,1.0
Observed,catboost,joint#264,joint,49426.47181608574,35031.43886362965,94.50099629584022,78.66635340954386,1.0
Observed,catboost,joint#265,joint,60051.40936429965,38341.808904056394,93.48014660066781,76.97937566817137,1.0
Observed,catboost,joint#266,joint,53571.974686688874,38450.390337873556,93.42154060416973,76.82821875781691,1.0
Observed,catboost,joint#267,joint,50102.25860842174,39269.0834388206,93.21827503756047,76.598685542653,1.0
Observed,catboost,joint#268,joint,46585.079399451926,37776.05653695126,93.62447247010526,77.15271865089443,1.0
Observed,catboost,joint#269,joint,47602.68797791707,38917.79804860082,93.24176406472378,76.45409095392638,1.0
Observed,catboost,joint#270,joint,48510.28409179516,37774.13961638887,93.64680726480115,77.23663371388655,1.0
Observed,catboost,joint#271,joint,42807.927032173684,38433.99958919587,93.44438863339548,76.90444226476377,1.0
Observed,catboost,joint#272,joint,53052.35895674946,36467.166010932706,94.10818117726066,78.12516546549175,1.0
Observed,catboost,joint#273,joint,42295.48926151914,36870.13868853779,93.91556595373748,77.65910957390795,1.0
Observed,catboost,joint#274,joint,48773.46779313603,40136.060480855194,92.9421456702133,76.12341265054617,1.0
Observed,catboost,joint#275,joint,51111.18946341784,38132.44236695541,93.58249500137556,77.23019190906986,1.0
Observed,catboost,joint#276,joint,55584.5382131376,36873.78863691769,93.94176107289876,77.76146056089824,1.0
Observed,catboost,joint#277,joint,56112.96090319283,40104.100571609386,92.9745551910481,76.22572771502034,1.0
Observed,catboost,joint#278,joint,49437.440852573214,38014.703078836355,93.59196597481657,77.18782477909696,1.0
Observed,catboost,joint#279,joint,42701.77395593785,37799.552762054125,93.6126960013729,77.12346307671496,1.0
Observed,catboost,joint#280,joint,48872.95521471344,39571.73327543764,93.10749359389587,76.37789148275314,1.0
Observed,catboost,joint#281,joint,52899.03007360776,36920.31348587471,93.9756985057005,77.92192680807608,1.0
Observed,catboost,joint#282,joint,45078.251176532314,40887.47424036487,92.6975008155575,75.69119092407547,1.0
Observed,catboost,joint#283,joint,42943.15328271196,39801.323076506334,93.00131828784262,76.12596021244413,1.0
Observed,catboost,joint#284,joint,54811.583480318644,37884.524839284306,93.60928030250365,77.16708241349886,1.0
Observed,catboost,joint#285,joint,46781.807114006544,33956.62564288936,94.94822771268623,79.65571414179236,1.0
Observed,catboost,joint#286,joint,52121.1993570893,35289.21062707409,94.41883304971324,78.52480082228612,1.0
Observed,catboost,joint#287,joint,54165.25411308673,37957.186291654594,93.58566952125025,77.12546329605385,1.0
Observed,catboost,joint#288,joint,49938.04759638403,35149.09324290042,94.51534160007128,78.79950785720463,1.0
Observed,catboost,joint#289,joint,44145.08308337878,36972.46399208254,93.87331033367533,77.56614817768182,1.0
Observed,catboost,joint#290,joint,44603.280204569266,38810.6567213905,93.30333948626237,76.617534399764,1.0
Observed,catboost,joint#291,joint,45393.36998747515,36840.12470573667,93.92915315233022,77.69092675690891,1.0
Observed,catboost,joint#292,joint,43236.311918568405,40187.43840036345,92.89603181330202,75.98176961651806,1.0
Observed,catboost,joint#293,joint,47260.797866473855,39850.31243928245,92.93840179284545,75.91863344960464,1.0
Observed,catboost,joint#294,joint,53243.55911257063,41322.89872543141,92.55119587088804,75.42341377571653,1.0
Observed,catboost,joint#295,joint,43082.12428271542,35275.494570269584,94.42815826743586,78.55122654799953,1.0
Observed,catboost,joint#296,joint,50912.01286376694,36496.35973997842,94.10519482856576,78.13323693415259,1.0
Observed,catboost,joint#297,joint,52479.30333025465,39641.80301467919,93.12993706771063,76.5102121938693,1.0
Observed,catboost,joint#298,joint,58167.25631482467,44293.979856924154,91.72559271220398,74.25498455399807,1.0
Observed,catboost,joint#299,joint,51262.460303271335,39911.97650344914,93.04653866841818,76.3722161012086,1.0
Observed,lightgbm,default,reference,51618.616694676864,39207.006391092036,93.13391975629678,76.23553919733152,1.0
Observed,lightgbm,flat,reference,37566.91516164575,37566.91516164575,93.73946882278638,77.45192887716,1.0
Observed,lightgbm,perishability_weights[0] x0.8,one_at_a_time,51570.10231550213,39144.44901957053,93.14731535732227,76.24492996521911,1.0
Observed,lightgbm,perishability_weights[1] x0.8,one_at_a_time,51537.941989668005,39186.45303407314,93.14105594881244,76.2490569865843,1.0
Observed,lightgbm,perishability_weights[2] x0.8,one_at_a_time,51741.94978214866,39285.794758507196,93.11442365884824,76.21369958675542,1.0
Observed,lightgbm,slow_moving_weights[0] x0.8,one_at_a_time,51482.48992421117,39090.336410049975,93.15897451580804,76.25332715261285,1.0
Observed,lightgbm,slow_moving_weights[1] x0.8,one_at_a_time,51747.312642352685,39318.11505271647,93.11010115614009,76.21875885602874,1.0
Observed,lightgbm,criticality_weights[0] x0.8,one_at_a_time,51583.55311610309,39249.31309295623,93.12561164047256,76.23205349730297,1.0
Observed,lightgbm,criticality_weights[1] x0.8,one_at_a_time,51650.00767830745,39169.05014983202,93.14130840099489,76.23841800797041,1.0
Observed,lightgbm,perishability_base x0.8,one_at_a_time,48426.26276417132,37806.81892884972,93.56756718091175,76.95616949393711,1.0
Observed,lightgbm,perishability_multiplier x0.8,one_at_a_time,49420.788381093305,38099.117513401965,93.45030652196743,76.7037605215913,1.0
Observed,lightgbm,slow_moving_base x0.8,one_at_a_time,47182.12583532901,37111.44738909043,93.75321462045261,77.20071515473083,1.0
Observed,lightgbm,slow_moving_multiplier x0.8,one_at_a_time,50622.488689565165,38789.15409152859,93.26799440288418,76.46838034198873,1.0
Observed,lightgbm,service_criticality_base x0.8,one_at_a_time,47865.020596397306,41297.13936360671,92.50833154073602,75.24274076145464,1.0
Observed,lightgbm,service_criticality_multiplier x0.8,one_at_a_time,50192.928325921224,40042.24404034152,92.9110415543533,75.94222597440708,1.0
Observed,lightgbm,perishability_weights[0] x1.2,one_at_a_time,51657.64456524878,39258.13315271602,93.12299583099345,76.22795589077386,1.0
Observed,lightgbm,perishability_weights[1] x1.2,one_at_a_time,51689.5770898682,39225.438129198104,93.1275853118628,76.22366515352796,1.0
Observed,lightgbm,perishability_weights[2] x1.2,one_at_a_time,51504.0718988293,39134.14396152054,93.15197271097561,76.25582476304089,1.0
Observed,lightgbm,slow_moving_weights[0] x1.2,one_at_a_time,51724.45357972507,39298.32225283898,93.11434169503981,76.22173860994147,1.0
Observed,lightgbm,slow_moving_weights[1] x1.2,one_at_a_time,51507.759868767855,39111.92419611648,93.15433288153022,76.25001413286999,1.0
Observed,lightgbm,criticality_weights[0] x1.2,one_at_a_time,51644.537160332664,39175.64919955019,93.14002820368474,76.23793423745265,1.0
Observed,lightgbm,criticality_weights[1] x1.2,one_at_a_time,51590.23126754408,39241.26552283887,93.12719776015217,76.23273848646036,1.0
Observed,lightgbm,perishability_base x1.2,one_at_a_time,54681.22308616024,40664.23622441765,92.70102890220268,75.55582298256518,1.0
Observed,lightgbm,perishability_multiplier x1.2,one_at_a_time,53753.56084372124,40324.64134360926,92.8205459905983,75.78530793130015,1.0
Observed,lightgbm,slow_moving_base x1.2,one_at_a_time,55798.25193502661,41347.40340161322,92.52534091799859,75.34113005600716,1.0
Observed,lightgbm,slow_moving_multiplier x1.2,one_at_a_time,52596.411400384946,39632.03488629809,92.99997665961857,76.00798396218273,1.0
Observed,lightgbm,service_criticality_base x1.2,one_at_a_time,55148.64266775475,37699.9635598656,93.60351013345218,77.0220320423734,1.0
Observed,lightgbm,service_criticality_multiplier x1.2,one_at_a_time,53008.9695759225,38462.47336958794,93.33477593342838,76.50532217986313,1.0
Observed,lightgbm,joint#0,joint,52869.27188391815,36991.43405584947,93.83005459498905,77.41380180632831,1.0
Observed,lightgbm,joint#1,joint,44199.791984246556,37108.832794267306,93.71279293345845,77.04478911233161,1.0
Observed,lightgbm,joint#2,joint,49260.709571854626,43789.93965105996,91.8368142860159,74.34319718379425,1.0
Observed,lightgbm,joint#3,joint,46580.40641310125,35723.23935790035,94.191840852718,77.9483227173947,1.0
Observed,lightgbm,joint#4,joint,46577.38704720092,38517.56893376686,93.31274376203578,76.45801386101923,1.0
Observed,lightgbm,joint#5,joint,54156.95970956478,40787.163971225884,92.6959800639192,75.6185167128389,1.0
Observed,lightgbm,joint#6,joint,55248.54974573815,39959.5115449296,92.94003518740408,75.99766321281157,1.0
Observed,lightgbm,joint#7,joint,50831.40959925081,36537.81304061272,93.9694193777034,77.64297563898616,1.0
Observed,lightgbm,joint#8,joint,50964.21137965123,35589.1048295512,94.24988563768892,78.08030356702234,1.0
Observed,lightgbm,joint#9,joint,45244.78698116243,39663.234994709055,92.99500904109344,76.00983573514982,1.0
Observed,lightgbm,joint#10,joint,52665.06385005974,36966.23275358603,93.85625765745135,77.49694892485496,1.0
Observed,lightgbm,joint#11,joint,50137.34479956549,46545.882882627535,91.08451248887134,73.3109406821046,1.0
Observed,lightgbm,joint#12,joint,48925.33908308095,38785.87582341883,93.32605943301387,76.68767592082305,1.0
Observed,lightgbm,joint#13,joint,52214.74631675666,38207.39324403013,93.46514041087343,76.8325261760324,1.0
Observed,lightgbm,joint#14,joint,62021.93199498767,43108.8016964042,92.04472509498441,74.68215246947113,1.0
Observed,lightgbm,joint#15,joint,54684.25624183497,37511.123745302364,93.67427393981316,77.16605766323431,1.0
Observed,lightgbm,joint#16,joint,44711.05817647157,37197.93232292313,93.67209446574883,76.94895007685362,1.0
Observed,lightgbm,joint#17,joint,50659.59121380538,44841.08945900414,91.52172531239651,73.84210006275976,1.0
Observed,lightgbm,joint#18,joint,57829.17977125998,37761.668551133684,93.5791882614017,76.97039625924309,1.0
Observed,lightgbm,joint#19,joint,53518.83269168285,36544.87801668614,93.99478484871551,77.74443873206818,1.0
Observed,lightgbm,joint#20,joint,44664.376629574195,39409.09261978219,93.03202914635432,75.98161559755782,1.0
Observed,lightgbm,joint#21,joint,46700.06654068161,40492.84561522736,92.7265656073657,75.53896883464671,1.0
Observed,lightgbm,joint#22,joint,48604.925178142395,39089.22222800348,93.12693622693517,76.13037870732956,1.0
Observed,lightgbm,joint#23,joint,44775.4956613651,39237.28659438538,93.14680092227509,76.30485943985538,1.0
Observed,lightgbm,joint#24,joint,58182.009814631405,42319.778581095445,92.2313389790731,74.8679501166967,1.0
Observed,lightgbm,joint#25,joint,52968.017235285464,40376.69434430189,92.8214782924957,75.82356606943772,1.0
Observed,lightgbm,joint#26,joint,61822.97569111689,40717.91592572363,92.70305306901892,75.59933035670736,1.0
Observed,lightgbm,joint#27,joint,49237.65104507835,36556.42075477183,93.91519015303189,77.44853084449903,1.0
Observed,lightgbm,joint#28,joint,50200.177183464766,37947.94813335526,93.49159702915671,76.76047790950933,1.0
Observed,lightgbm,joint#29,joint,60439.9331200338,39800.96852874878,92.96069566537226,75.97077442728305,1.0
Observed,lightgbm,joint#30,joint,52480.86706673943,38312.967621753705,93.40000432732717,76.65445644049824,1.0
Observed,lightgbm,joint#31,joint,56223.302950458936,44141.7681141779,91.74455137086731,74.22582526117722,1.0
Observed,lightgbm,joint#32,joint,48177.38683344062,42443.806160367894,92.19738568731668,74.82112499653178,1.0
Observed,lightgbm,joint#33,joint,44357.93444430982,36022.911974922295,94.11661256784895,77.86115649076366,1.0
Observed,lightgbm,joint#34,joint,48555.55141419813,36176.12783472045,94.12279236020849,77.9868723673838,1.0
Observed,lightgbm,joint#35,joint,55717.81715267744,38772.95835999398,93.30601748032487,76.60261699976357,1.0
Observed,lightgbm,joint#36,joint,40763.23858834822,38052.67114029842,93.41393484881003,76.53406151579021,1.0
Observed,lightgbm,joint#37,joint,46067.721417975394,38231.05397107091,93.40982869785913,76.63732105353354,1.0
Observed,lightgbm,joint#38,joint,61077.11234988039,41061.135301425784,92.602001982894,75.44269777002762,1.0
Observed,lightgbm,joint#39,joint,52921.51296097619,40387.99859253151,92.80212609023292,75.75728591451488,1.0
Observed,lightgbm,joint#40,joint,50416.392296036676,36443.06819543171,93.96786172078808,77.57387094027251,1.0
Observed,lightgbm,joint#41,joint,49697.67178551368,40491.6065795313,92.74867624116652,75.62248078990358,1.0
Observed,lightgbm,joint#42,joint,55768.47996377472,42490.85445670258,92.2421860125143,75.02337522128325,1.0
Observed,lightgbm,joint#43,joint,52021.09867727905,40833.05878602299,92.65396185477273,75.4888405621461,1.0
Observed,lightgbm,joint#44,joint,49310.71732016696,36996.33384418882,93.80255653141226,77.31218074110852,1.0
Observed,lightgbm,joint#45,joint,52483.76608969002,40561.045739669105,92.75123598527068,75.67853735601726,1.0
Observed,lightgbm,joint#46,joint,48797.7677654164,38907.47880122124,93.24108290057723,76.44461324849199,1.0
Observed,lightgbm,joint#47,joint,49044.81911514346,39702.53633839879,92.96366837324105,75.9164919533597,1.0
Observed,lightgbm,joint#48,joint,54525.18931549287,42781.69690382843,92.17169376402218,74.94838717569712,1.0
Observed,lightgbm,joint#49,joint,43541.37650162495,37794.66676747371,93.52818733013439,76.79785901514506,1.0
Observed,lightgbm,joint#50,joint,57495.92690143702,41163.10343467896,92.5509344996674,75.31588661722061,1.0
Observed,lightgbm,joint#51,joint,48218.1071880767,37956.25420247956,93.54531392476093,76.97091101724982,1.0
Observed,lightgbm,joint#52,joint,56877.985892664816,41443.450203615364,92.52377167091528,75.3991755796433,1.0
Observed,lightgbm,joint#53,joint,58670.884775137376,38224.96949624302,93.43270791655895,76.72053437768332,1.0
Observed,lightgbm,joint#54,joint,47081.23012505451,35859.11544059148,94.17927767177552,77.9909862424855,1.0
Observed,lightgbm,joint#55,joint,48719.79710678173,41281.71380157446,92.51941356913682,75.27472793031372,1.0
Observed,lightgbm,joint#56,joint,58889.38433132281,39996.81392038797,92.90569266548015,75.89153662503226,1.0
Observed,lightgbm,joint#57,joint,49096.46454896605,43012.936307399796,92.03465038165082,74.57981359837454,1.0
Observed,lightgbm,joint#58,joint,41409.015115375034,38055.47078592711,93.47204129204118,76.7575670017106,1.0
Observed,lightgbm,joint#59,joint,55441.97689976482,40881.910907956066,92.66443203021831,75.5613456911639,1.0
Observed,lightgbm,joint#60,joint,43379.338945085314,35458.46150328533,94.28573561209733,78.12995282494282,1.0
Observed,lightgbm,joint#61,joint,44180.88766244073,40466.04346140557,92.78757336634025,75.75380645844275,1.0
Observed,lightgbm,joint#62,joint,55890.80849915788,37427.55409339481,93.67731056417229,77.12192734895567,1.0
Observed,lightgbm,joint#63,joint,56185.01578054762,38042.97490299895,93.4827438166095,76.79005972467124,1.0
Observed,lightgbm,joint#64,joint,55605.193158037226,37277.53603570917,93.70406502677562,77.12396653738674,1.0
Observed,lightgbm,joint#65,joint,53941.012470592104,37527.35635467831,93.63800704125428,77.03854429408393,1.0
Observed,lightgbm,joint#66,joint,56455.68604730703,43191.29420576664,92.03112931231213,74.68528822805075,1.0
Observed,lightgbm,joint#67,joint,45993.56799071684,40378.04473019793,92.77856223698547,75.66076892104076,1.0
Observed,lightgbm,joint#68,joint,59646.60397625115,42305.700554443494,92.3083958765051,75.15248772864346,1.0
Observed,lightgbm,joint#69,joint,45107.6396990393,38222.15758905308,93.37514520367954,76.49909470221567,1.0
Observed,lightgbm,joint#70,joint,45568.56964569394,38794.27864120633,93.21629988416565,76.27461505927667,1.0
Observed,lightgbm,joint#71,joint,48843.89693996185,37283.41315673222,93.71614932315788,77.17397850865343,1.0
Observed,lightgbm,joint#72,joint,50799.859279268494,40440.25209873211,92.74443344554024,75.57206090756593,1.0
Observed,lightgbm,joint#73,joint,48376.290874227096,36925.56990407102,93.83896635138062,77.40388504387198,1.0
Observed,lightgbm,joint#74,joint,52080.08195617608,40911.62073581011,92.65206969570627,75.53399781418271,1.0
Observed,lightgbm,joint#75,joint,49674.61065830281,39766.97637267172,92.99395123283207,76.07496178930995,1.0
Observed,lightgbm,joint#76,joint,48893.73158078248,36872.51646937059,93.88866836515727,77.55809759983974,1.0
Observed,lightgbm,joint#77,joint,43639.9171535311,35924.99948955565,94.12398608794085,77.8240067812629,1.0
Observed,lightgbm,joint#78,joint,49588.514841347744,42907.88856945929,92.04816751488434,74.56134102324944,1.0
Observed,lightgbm,joint#79,joint,48321.3951424276,39179.355709532414,93.171147903587,76.35910706976182,1.0
Observed,lightgbm,joint#80,joint,47910.68372170524,38219.472858841764,93.41963317142678,76.66699813129753,1.0
Observed,lightgbm,joint#81,joint,56082.806710437144,39405.445571611635,93.08863334450194,76.19509317984885,1.0
Observed,lightgbm,joint#82,joint,53854.05673201323,37993.689670647735,93.5216784266119,76.90571363112943,1.0
Observed,lightgbm,joint#83,joint,49758.0786652719,38169.25087227585,93.42311988103184,76.64681638233215,1.0
Observed,lightgbm,joint#84,joint,52259.92781226346,40098.18315751907,92.79926454475925,75.55316065190134,1.0
Observed,lightgbm,joint#85,joint,50425.60349820994,38222.423456483564,93.44499402361095,76.76570068753966,1.0
Observed,lightgbm,joint#86,joint,53329.93397024602,39731.865611040776,92.97841545304723,75.99229551440904,1.0
Observed,lightgbm,joint#87,joint,51400.90481807712,37351.49151997658,93.64022626081257,76.92976597947761,1.0
Observed,lightgbm,joint#88,joint,56143.61149412255,40076.26407623691,92.95223936030203,76.12204937678979,1.0
Observed,lightgbm,joint#89,joint,43484.168715893196,37900.9882268944,93.5286080842949,76.87034489711,1.0
Observed,lightgbm,joint#90,joint,57617.97369912204,40960.062701613315,92.63926765578573,75.5174608332145,1.0
Observed,lightgbm,joint#91,joint,49811.556996577536,39128.88044248087,93.11344227951905,76.10534670593194,1.0
Observed,lightgbm,joint#92,joint,52825.59168562782,41927.33783935683,92.32361655782782,74.9583031192137,1.0
Observed,lightgbm,joint#93,joint,48594.488739297005,39261.9844385895,93.10659531254005,76.16796588720015,1.0
Observed,lightgbm,joint#94,joint,46824.899526502195,43354.54158803815,91.92464306237838,74.38794262577298,1.0
Observed,lightgbm,joint#95,joint,48008.57182208664,36211.29594546736,94.05527808457677,77.75279383310978,1.0
Observed,lightgbm,joint#96,joint,49535.62253597656,36405.45280063651,94.00922108785386,77.70655364157629,1.0
Observed,lightgbm,joint#97,joint,55031.4033485218,40734.54204892171,92.65586995329807,75.43044091744568,1.0
Observed,lightgbm,joint#98,joint,51622.01310698074,42963.052623105,92.05441944538826,74.62196419015565,1.0
Observed,lightgbm,joint#99,joint,41878.04404991454,39118.231607144815,93.11939700628938,76.12096097065144,1.0
Observed,lightgbm,joint#100,joint,49428.02486803452,43209.14069540378,91.95855474568344,74.42036016063422,1.0
Observed,lightgbm,joint#101,joint,49313.701560932604,36312.096927351784,94.06408214680214,77.85357637514075,1.0
Observed,lightgbm,joint#102,joint,53242.95410187313,41246.11193599171,92.51544487569949,75.23585531664658,1.0
Observed,lightgbm,joint#103,joint,54046.872791737354,37318.95488949669,93.70918975494241,77.17112667905792,1.0
Observed,lightgbm,joint#104,joint,50200.99902437697,39427.5776584054,93.08729199662025,76.20473151691631,1.0
Observed,lightgbm,joint#105,joint,48529.60772938296,33837.467472934506,94.79942143827232,79.00867424429144,1.0
Observed,lightgbm,joint#106,joint,55908.535279122865,38949.98537153933,93.17599132149063,76.22466806417624,1.0
Observed,lightgbm,joint#107,joint,47639.19386652787,38324.75130234385,93.38443948117148,76.60294225739436,1.0
Observed,lightgbm,joint#108,joint,52101.54702136063,37769.83717154646,93.58587871011086,77.00136180485647,1.0
Observed,lightgbm,joint#109,joint,62138.313004182746,41858.3851273365,92.4010274368118,75.2076078216453,1.0
Observed,lightgbm,joint#110,joint,51300.47847253189,36221.110661881845,94.03692318478119,77.6893247304081,1.0
Observed,lightgbm,joint#111,joint,56329.433272738184,37548.30330847768,93.63530492017254,77.04220205981493,1.0
Observed,lightgbm,joint#112,joint,58841.918942308905,41072.84582918118,92.63680969424104,75.58327402784653,1.0
Observed,lightgbm,joint#113,joint,53316.60246971023,44452.70576450891,91.65941347169692,74.1083701925989,1.0
Observed,lightgbm,joint#114,joint,48985.49122277546,39997.815901386435,92.88679218875761,75.82011133705191,1.0
Observed,lightgbm,joint#115,joint,54014.818678389274,40460.60240809724,92.77482204729084,75.70154093253748,1.0
Observed,lightgbm,joint#116,joint,47837.78732928601,37051.11795368794,93.77217265072643,77.23280833656693,1.0
Observed,lightgbm,joint#117,joint,45368.84332344035,38788.936484625614,93.28457612847241,76.53148398796358,1.0
Observed,lightgbm,joint#118,joint,53566.04429698551,37728.7916897252,93.57117712757616,76.91792098078749,1.0
Observed,lightgbm,joint#119,joint,53188.588109805394,41862.334410336836,92.40336155089581,75.21914383491185,1.0
Observed,lightgbm,joint#120,joint,59571.459365553055,39689.0708979396,92.99874174128888,76.04129754340592,1.0
Observed,lightgbm,joint#121,joint,58083.615111739535,40958.27856630832,92.62440099480946,75.45956457108977,1.0
Observed,lightgbm,joint#122,joint,53270.87453211943,43619.324116495714,91.92641688597277,74.57123031814353,1.0
Observed,lightgbm,joint#123,joint,54053.440252969645,41167.93744078777,92.612529773626,75.55405600960327,1.0
Observed,lightgbm,joint#124,joint,40316.82156693532,37595.03977720434,93.58742842123469,76.89074136908994,1.0
Observed,lightgbm,joint#125,joint,57302.53826506849,39648.475027574204,92.99365952399019,75.99484820922333,1.0
Observed,lightgbm,joint#126,joint,47114.72793749718,43045.34049743228,92.01026429429831,74.50839900729454,1.0
Observed,lightgbm,joint#127,joint,59357.24035437312,39865.47432950986,92.94201714710222,75.94253164920876,1.0
Observed,lightgbm,joint#128,joint,52696.9460042544,35484.76029480351,94.287254051548,78.15327723157635,1.0
Observed,lightgbm,joint#129,joint,51931.53025616559,35872.218439945165,94.15066451849181,77.89058062791183,1.0
Observed,lightgbm,joint#130,joint,52409.65183312014,38019.17945605236,93.52493446830785,76.93512654571951,1.0
Observed,lightgbm,joint#131,joint,47663.881546912926,42557.665920824584,92.17745054857863,74.82099165188768,1.0
Observed,lightgbm,joint#132,joint,54861.24056612584,39224.45302877239,93.15486227474528,76.32705265242672,1.0
Observed,lightgbm,joint#133,joint,55520.808641149226,40761.139209358196,92.66884486280343,75.49766336988726,1.0
Observed,lightgbm,joint#134,joint,54139.622195907126,39888.872512066395,92.96207733685664,76.03464727913997,1.0
Observed,lightgbm,joint#135,joint,49760.54996519857,39261.29054301209,93.1494636900421,76.3310188345887,1.0
Observed,lightgbm,joint#136,joint,59593.70094131209,42452.334152137155,92.21176977684992,74.8816764604054,1.0
Observed,lightgbm,joint#137,joint,45911.66630071899,41804.71023458246,92.41836416331412,75.23795312445348,1.0
Observed,lightgbm,joint#138,joint,55911.38364522624,37314.70269816823,93.6743281497852,77.03531707497896,1.0
Observed,lightgbm,joint#139,joint,50104.627862982205,39809.718377326324,92.95937564995627,75.97157264196993,1.0
Observed,lightgbm,joint#140,joint,50787.317615010164,36838.763423487006,93.84999857276158,77.38809495165289,1.0
Observed,lightgbm,joint#141,joint,54008.212347112676,41102.8750245864,92.5732397174396,75.36081453674173,1.0
Observed,lightgbm,joint#142,joint,43647.51591347786,39924.89440005456,92.92579446303895,75.92026582696482,1.0
Observed,lightgbm,joint#143,joint,55265.567400611035,40396.43726251519,92.74757662585024,75.55484024680284,1.0
Observed,lightgbm,joint#144,joint,49435.99468169532,36360.17265111121,94.06169283275277,77.87651314701957,1.0
Observed,lightgbm,joint#145,joint,47375.13644757176,35205.37693221406,94.43246503946213,78.52090904696762,1.0
Observed,lightgbm,joint#146,joint,48516.14063572739,34667.631053218814,94.52253231497296,78.50596105950996,1.0
Observed,lightgbm,joint#147,joint,57175.61132626733,41658.302366572694,92.42545636805976,75.16740012106538,1.0
Observed,lightgbm,joint#148,joint,58878.33664090582,39483.50337837702,93.0748835801539,76.1946851280545,1.0
Observed,lightgbm,joint#149,joint,50444.55862648834,38567.699445032886,93.28847046735828,76.39884704961197,1.0
Observed,lightgbm,joint#150,joint,46952.3920924547,36430.439357323914,93.900336763791,77.30788703082608,1.0
Observed,lightgbm,joint#151,joint,47915.13727343383,38515.31940558506,93.33204326143293,76.53012946812382,1.0
Observed,lightgbm,joint#152,joint,49059.276169572,36088.40446212287,94.06974276609363,77.72603972063855,1.0
Observed,lightgbm,joint#153,joint,55034.65979114319,39911.050125811234,92.93910079286155,75.96179148028244,1.0
Observed,lightgbm,joint#154,joint,45699.918051079934,38901.012248003826,93.21363298728662,76.33559828489486,1.0
Observed,lightgbm,joint#155,joint,49599.382717662724,36589.67055731257,93.92553380823426,77.51015183314614,1.0
Observed,lightgbm,joint#156,joint,56666.31553027608,41609.21697174054,92.47997140980256,75.34261667177476,1.0
Observed,lightgbm,joint#157,joint,42472.51228353304,37573.2630078372,93.6049564467931,76.94308177149254,1.0
Observed,lightgbm,joint#158,joint,56882.782393579495,45337.836964016264,91.42179291890776,73.79208666186264,1.0
Observed,lightgbm,joint#159,joint,51148.26936980404,38348.33550923616,93.36728978051119,76.55324988175948,1.0
Observed,lightgbm,joint#160,joint,48928.14151714761,37946.91361297503,93.44326690154918,76.57543958839048,1.0
Observed,lightgbm,joint#161,joint,44161.050421927845,37397.34001105191,93.67161302770755,77.08005215625096,1.0
Observed,lightgbm,joint#162,joint,45582.69977813464,35638.782342338694,94.20051867115133,77.92511838817086,1.0
Observed,lightgbm,joint#163,joint,47260.221191081,44260.675534432485,91.73897095695541,74.28381115144612,1.0
Observed,lightgbm,joint#164,joint,57572.10925940983,41887.750715130205,92.36297824750369,75.08205146790742,1.0
Observed,lightgbm,joint#165,joint,49926.13040040978,36290.06272395299,94.0516770058077,77.79156919787026,1.0
Observed,lightgbm,joint#166,joint,52429.84073146173,37586.059824883356,93.61924446983427,77.00611268643046,1.0
Observed,lightgbm,joint#167,joint,54040.219307594925,38217.11603225669,93.37877384707019,76.50957462671524,1.0
Observed,lightgbm,joint#168,joint,57654.90796750353,43326.25952151632,91.97723200144092,74.56968120761002,1.0
Observed,lightgbm,joint#169,joint,46453.17169724805,39005.85960301954,93.15596456069622,76.18552822045103,1.0
Observed,lightgbm,joint#170,joint,53442.58660648125,38125.003590577886,93.51424187867221,76.96489055259465,1.0
Observed,lightgbm,joint#171,joint,49692.14825257275,38270.86524901148,93.45939545775236,76.85292751054722,1.0
Observed,lightgbm,joint#172,joint,60028.98229888874,40619.98803029038,92.71235505752826,75.56952625202122,1.0
Observed,lightgbm,joint#173,joint,52228.9848750853,38791.701429723995,93.29979887862471,76.59139237659053,1.0
Observed,lightgbm,joint#174,joint,43571.27687514387,40379.82674057178,92.81827793858494,75.81344702271362,1.0
Observed,lightgbm,joint#175,joint,52903.70910899955,38143.093398910845,93.40765554044216,76.57039146128372,1.0
Observed,lightgbm,joint#176,joint,62944.91916739812,41594.23107733707,92.4822242835148,75.34121935318687,1.0
Observed,lightgbm,joint#177,joint,56045.92713142339,42702.59688267212,92.13471497218765,74.75460330029705,1.0
Observed,lightgbm,joint#178,joint,43940.498122681085,38883.8785485055,93.18451629224248,76.21311418012733,1.0
Observed,lightgbm,joint#179,joint,57630.103427807604,42140.964332216536,92.31496797814425,75.06773196050234,1.0
Observed,lightgbm,joint#180,joint,46798.88687118121,38053.71606690044,93.48724224499459,76.81437913849611,1.0
Observed,lightgbm,joint#181,joint,44429.473269677634,36753.66633774165,93.88683507407019,77.47187134142968,1.0
Observed,lightgbm,joint#182,joint,47231.102427170365,36665.60826208122,93.90774997789455,77.49294298876927,1.0
Observed,lightgbm,joint#183,joint,45271.74277981828,36123.8848325109,94.06212694483625,77.72064379560163,1.0
Observed,lightgbm,joint#184,joint,63762.01314081663,42091.213366078184,92.31502892173464,75.0347971107075,1.0
Observed,lightgbm,joint#185,joint,45042.75837892639,38802.406204682804,93.26232463349106,76.45558852663383,1.0
Observed,lightgbm,joint#186,joint,51206.17006161196,37809.0577681628,93.61053964256,77.12157461261471,1.0
Observed,lightgbm,joint#187,joint,57481.332327852186,43148.137674788406,92.02508336365612,74.6334557657544,1.0
Observed,lightgbm,joint#188,joint,51932.54475773893,35523.670923252925,94.26650470930038,78.1000721313488,1.0
Observed,lightgbm,joint#189,joint,54689.773634520956,36889.79382792906,93.83680659439284,77.37179622973278,1.0
Observed,lightgbm,joint#190,joint,54792.26934894511,44995.5137393694,91.50255721859499,73.87193551905978,1.0
Observed,lightgbm,joint#191,joint,55030.23487077758,39908.439281933155,92.9285059151929,75.91963821044716,1.0
Observed,lightgbm,joint#192,joint,62500.60283509232,41213.342054418594,92.56074246813924,75.38679018046285,1.0
Observed,lightgbm,joint#193,joint,57021.6169106241,40118.47046110349,92.84791581563398,75.75225911875494,1.0
Observed,lightgbm,joint#194,joint,48897.62977404073,39864.239818634946,92.91881353236876,75.85320163709395,1.0
Observed,lightgbm,joint#195,joint,48480.405339521065,35736.47678469993,94.20118634393984,77.99279476265873,1.0
Observed,lightgbm,joint#196,joint,45150.694896883695,37721.647290863235,93.56238067411162,76.87960518334579,1.0
Observed,lightgbm,joint#197,joint,50830.39491290858,34478.74060920236,94.5955734020171,78.65863930212502,1.0
Observed,lightgbm,joint#198,joint,46893.9364142985,39706.11991706687,92.97978660921976,75.9803618055239,1.0
Observed,lightgbm,joint#199,joint,59928.15284716598,41927.769798254696,92.33479842540913,75.00124279154898,1.0
Observed,lightgbm,joint#200,joint,48994.86394042687,35350.32633448715,94.31528157571066,78.1705617369076,1.0
Observed,lightgbm,joint#201,joint,51979.47879152645,43286.4661301533,91.94280841489828,74.41184823208381,1.0
Observed,lightgbm,joint#202,joint,50576.6284249307,44041.57485191362,91.76379008085071,74.2324131726817,1.0
Observed,lightgbm,joint#203,joint,52188.40223698737,40244.363278593715,92.87412275820735,75.936150450602,1.0
Observed,lightgbm,joint#204,joint,53641.91763311261,36507.230862009485,93.96704806047703,77.61354245570206,1.0
Observed,lightgbm,joint#205,joint,46968.287467475835,38562.48379535148,93.32568485617698,76.53731913015916,1.0
Observed,lightgbm,joint#206,joint,47524.084852254484,36238.042838986505,94.01543734446055,77.61865805843209,1.0
Observed,lightgbm,joint#207,joint,45387.303537218395,37634.749144243,93.61132706270772,77.00837236945422,1.0
Observed,lightgbm,joint#208,joint,44770.97610063793,37458.998640704,93.58048264826014,76.77355358003831,1.0
Observed,lightgbm,joint#209,joint,51020.89402727522,39211.56371446712,93.07926638107263,76.03010961156542,1.0
Observed,lightgbm,joint#210,joint,46792.836108648335,39745.176035037206,92.98685829813549,76.03337320463747,1.0
Observed,lightgbm,joint#211,joint,61242.422321081474,39461.21109685616,93.08496725568928,76.21828640389003,1.0
Observed,lightgbm,joint#212,joint,52356.24468418695,47036.00645145604,90.94211085319543,73.09451822620895,1.0
Observed,lightgbm,joint#213,joint,57909.282230633835,40967.8099887845,92.62860798112284,75.48196582483445,1.0
Observed,lightgbm,joint#214,joint,51348.57579957418,41101.31233131849,92.5385290732637,75.22737375132121,1.0
Observed,lightgbm,joint#215,joint,51786.75977127213,44992.55274686312,91.50086422143883,73.86350381868269,1.0
Observed,lightgbm,joint#216,joint,45614.826599127045,39451.344878569624,93.00427069483314,75.90390296521473,1.0
Observed,lightgbm,joint#217,joint,52581.364869281715,37687.863366066515,93.62748116447408,77.10539945551496,1.0
Observed,lightgbm,joint#218,joint,45039.9246151881,38994.70183539059,93.14397104121565,76.13234207415064,1.0
Observed,lightgbm,joint#219,joint,48500.47958448401,35878.76282652408,94.16789430778594,77.96066421963313,1.0
Observed,lightgbm,joint#220,joint,55919.884523311106,39330.04618137727,93.08708541297503,76.13892254725941,1.0
Observed,lightgbm,joint#221,joint,57923.20218642606,42842.32164573355,92.12748868915371,74.82018947715103,1.0
Observed,lightgbm,joint#222,joint,53670.51836544935,37445.946709447686,93.67757560479066,77.13520005406613,1.0
Observed,lightgbm,joint#223,joint,56062.84743664935,39432.10637826481,93.10661045245485,76.28143826277811,1.0
Observed,lightgbm,joint#224,joint,53757.52125927567,39040.570156214635,93.2158870108314,76.43723455392822,1.0
Observed,lightgbm,joint#225,joint,44104.94027962033,39045.786236223285,93.09858051777654,75.99326241729376,1.0
Observed,lightgbm,joint#226,joint,47814.217142062436,41210.64874406341,92.54976714989755,75.34313079460684,1.0
Observed,lightgbm,joint#227,joint,52450.78484491931,38703.92594685372,93.30536368848274,76.55410159172183,1.0
Observed,lightgbm,joint#228,joint,56132.6867570637,40362.74612237613,92.86940627748173,75.99708197783019,1.0
Observed,lightgbm,joint#229,joint,43433.02391413745,37746.00003395303,93.59812955337081,77.03219954059361,1.0
Observed,lightgbm,joint#230,joint,48779.99605019232,43509.66108744179,91.9019237182123,74.40469580414788,1.0
Observed,lightgbm,joint#231,joint,43417.107579224554,40171.497240144054,92.79253192986648,75.57635607119096,1.0
Observed,lightgbm,joint#232,joint,52327.01646016653,39862.76798475287,92.92015267368122,75.85732838531206,1.0
Observed,lightgbm,joint#233,joint,53978.989338628686,40680.3163194144,92.68383668329157,75.5009656856324,1.0
Observed,lightgbm,joint#234,joint,54102.86743093208,36847.868624876704,93.88482845562358,77.5270188954298,1.0
Observed,lightgbm,joint#235,joint,51489.89174959246,36064.96457147412,94.1118780600427,77.87113242467912,1.0
Observed,lightgbm,joint#236,joint,40536.712992493856,39907.606701178185,92.90896121089939,75.84453256361637,1.0
Observed,lightgbm,joint#237,joint,44976.94679930189,38568.99691341604,93.29609540467568,76.42879630578989,1.0
Observed,lightgbm,joint#238,joint,51757.34756966314,42092.74140693532,92.33128976236021,75.09784055019118,1.0
Observed,lightgbm,joint#239,joint,53720.510946585375,40657.18151391671,92.6967756554932,75.53489641620337,1.0
Observed,lightgbm,joint#240,joint,50389.08820200736,41071.78497388503,92.59050536983041,75.40594529847137,1.0
Observed,lightgbm,joint#241,joint,52090.53420434434,39148.972043055095,93.15022246919848,76.25903409360492,1.0
Observed,lightgbm,joint#242,joint,48742.141744992805,36735.394433626025,93.9168059796193,77.5740099792281,1.0
Observed,lightgbm,joint#243,joint,47736.224277471454,37793.011913504466,93.53611511625135,76.82699523161648,1.0
Observed,lightgbm,joint#244,joint,47914.78050489271,41255.907143546865,92.524011222924,75.27506061120175,1.0
Observed,lightgbm,joint#245,joint,55400.225160073525,42594.89500453482,92.15505607194983,74.76039038244943,1.0
Observed,lightgbm,joint#246,joint,49803.15652968318,39070.068493816885,93.15888410946026,76.23947036584762,1.0
Observed,lightgbm,joint#247,joint,50261.05764248695,43176.77815995198,92.02427522427548,74.6494668857394,1.0
Observed,lightgbm,joint#248,joint,50057.04430795182,40357.662900795825,92.78874518773162,75.68602250329302,1.0
Observed,lightgbm,joint#249,joint,51145.98050199506,40012.50594134511,92.8229895003719,75.58653809590591,1.0
Observed,lightgbm,joint#250,joint,46411.67486379059,38460.56641867975,93.3399897126654,76.52393812482678,1.0
Observed,lightgbm,joint#251,joint,48773.27834829956,40349.61027940616,92.77354962936394,75.62269271647035,1.0
Observed,lightgbm,joint#252,joint,54031.89170883363,39091.5261666252,93.14536299324189,76.2022010383353,1.0
Observed,lightgbm,joint#253,joint,62201.7316587471,40110.30001723554,92.9011122859392,75.94972279359979,1.0
Observed,lightgbm,joint#254,joint,46461.82244286825,38241.350235364356,93.42835154598909,76.71483809258615,1.0
Observed,lightgbm,joint#255,joint,39428.1768246748,38409.1528244762,93.3867921400634,76.66818383337441,1.0
Observed,lightgbm,joint#256,joint,43219.17153587725,40508.31968808819,92.75358901756518,75.65236197381462,1.0
Observed,lightgbm,joint#257,joint,57869.212418862066,38211.9785333968,93.4241959785204,76.67940611597565,1.0
Observed,lightgbm,joint#258,joint,55125.75896845093,42106.319754362215,92.32630450402166,75.08787719785413,1.0
Observed,lightgbm,joint#259,joint,53765.635866246565,40135.58994461977,92.85325636928934,75.78404291696016,1.0
Observed,lightgbm,joint#260,joint,53951.87627722197,37294.50928043055,93.74980869804433,77.30976499189045,1.0
Observed,lightgbm,joint#261,joint,62974.00622737126,42261.69169669734,92.29075430573766,75.05585713887713,1.0
Observed,lightgbm,joint#262,joint,58182.284066535,39737.48780143088,92.95779088901045,75.91737407150768,1.0
Observed,lightgbm,joint#263,joint,47659.91011659545,40080.5868818412,92.91780248887494,75.99357652587277,1.0
Observed,lightgbm,joint#264,joint,51028.58698456989,36180.35860143955,94.03052282931492,77.63774341231596,1.0
Observed,lightgbm,joint#265,joint,61741.34177821455,39812.319294227345,92.96240741554536,75.98487084045192,1.0
Observed,lightgbm,joint#266,joint,55065.64685958772,39952.05267721787,92.899701574157,75.83884360037784,1.0
Observed,lightgbm,joint#267,joint,51477.26821596602,40814.72911932201,92.68993748105588,75.6138448749466,1.0
Observed,lightgbm,joint#268,joint,47918.12061216002,39224.76174158754,93.11051229196275,76.15809153646381,1.0
Observed,lightgbm,joint#269,joint,49003.14531944655,40530.8475708905,92.70153127671796,75.46881345220979,1.0
Observed,lightgbm,joint#270,joint,49893.389568946615,39200.49826984645,93.13612541090721,76.23961361673015,1.0
Observed,lightgbm,joint#271,joint,43995.75862916307,39944.48019940088,92.9209836579194,75.91497287044295,1.0
Observed,lightgbm,joint#272,joint,54704.580861128474,37727.76254413125,93.62113459327604,77.10779078247278,1.0
Observed,lightgbm,joint#273,joint,43619.2588189135,38242.50445868839,93.41307275845364,76.6573287359979,1.0
Observed,lightgbm,joint#274,joint,50047.30201327645,41758.29870256664,92.40302783850997,75.14851379628794,1.0
Observed,lightgbm,joint#275,joint,52574.28738942568,39534.362245766824,93.07409585201715,76.22558635874638,1.0
Observed,lightgbm,joint#276,joint,57287.90207033896,38215.501594230685,93.44370843452471,76.75618240951773,1.0
Observed,lightgbm,joint#277,joint,57601.575549365014,41707.00571923778,92.43889594247283,75.25113243553113,1.0
Observed,lightgbm,joint#278,joint,50830.79536808949,39438.04203511198,93.08195327495868,76.19134394674855,1.0
Observed,lightgbm,joint#279,joint,43943.9793435929,39274.88235791617,93.09511800211155,76.1327858741421,1.0
Observed,lightgbm,joint#280,joint,50179.311431818365,41164.14889842073,92.57248249903786,75.39877548026152,1.0
Observed,lightgbm,joint#281,joint,54527.894526925666,38223.11403873921,93.48226625111785,76.90833087378553,1.0
Observed,lightgbm,joint#282,joint,46231.2087865872,42583.300110340046,92.14831711508099,74.72695562659491,1.0
Observed,lightgbm,joint#283,joint,44098.14140935919,41443.50194523749,92.45874000839999,75.15115571973762,1.0
Observed,lightgbm,joint#284,joint,56435.68260045455,39331.56886776262,93.0951867364195,76.17083905829372,1.0
Observed,lightgbm,joint#285,joint,48487.17813785111,34854.30088129811,94.51460127802478,78.60015575926231,1.0
Observed,lightgbm,joint#286,joint,53821.16345997862,36496.32235010689,93.93961464708482,77.5016291229134,1.0
Observed,lightgbm,joint#287,joint,55762.79472492082,39406.07728560527,93.0715585818357,76.13038498297836,1.0
Observed,lightgbm,joint#288,joint,51650.86064703972,36282.859925672165,94.04679562008452,77.76814795623477,1.0
Observed,lightgbm,joint#289,joint,45437.79580870324,38337.2397993274,93.37242243316066,76.56543054115177,1.0
Observed,lightgbm,joint#290,joint,45920.43609772103,40400.5689893582,92.76838687584846,75.63697257481671,1.0
Observed,lightgbm,joint#291,joint,46744.34196770614,38180.93470151745,93.42989229010821,76.68043802707385,1.0
Observed,lightgbm,joint#292,joint,44388.73139697228,41859.826186170154,92.34951962741465,75.01209905546042,1.0
Observed,lightgbm,joint#293,joint,48577.03194254142,41561.417577344364,92.38658684877713,74.95454781317427,1.0
Observed,lightgbm,joint#294,joint,54525.917601937064,43060.17556765549,91.99920937447233,74.47612157916883,1.0
Observed,lightgbm,joint#295,joint,44462.585203880866,36429.73536755766,93.95758087147776,77.52576749919479,1.0
Observed,lightgbm,joint#296,joint,52519.86481293964,37778.5697179913,93.614823540141,77.11758958540565,1.0
Observed,lightgbm,joint#297,joint,53894.49153230789,41182.231980512704,92.6024661475191,75.52519938169793,1.0
Observed,lightgbm,joint#298,joint,59548.27250251836,46253.69439424115,91.13940942661242,73.32554519366717,1.0
Observed,lightgbm,joint#299,joint,52647.06114023751,41494.89148561627,92.51330832498749,75.39355877017346,1.0
Observed,seasonal_naive,default,reference,47516.385055641804,37321.884,93.02398118326168,74.55944533333334,0.0
Observed,seasonal_naive,flat,reference,37321.884,37321.884,93.02398118326168,74.55944533333334,0.0
Observed,seasonal_naive,perishability_weights[0] x0.8,one_at_a_time,47520.100383424884,37321.884,93.02398118326168,74.55944533333334,0.0
Observed,seasonal_naive,perishability_weights[1] x0.8,one_at_a_time,47498.50855244105,37321.884,93.02398118326168,74.55944533333334,0.0
Observed,seasonal_naive,perishability_weights[2] x0.8,one_at_a_time,47530.40601189589,37321.884,93.02398118326168,74.55944533333334,0.0
Observed,seasonal_naive,slow_moving_weights[0] x0.8,one_at_a_time,47502.06058472481,37321.884,93.02398118326168,74.55944533333334,0.0
Observed,seasonal_naive,slow_moving_weights[1] x0.8,one_at_a_time,47530.08672347545,37321.884,93.02398118326168,74.55944533333334,0.0
Observed,seasonal_naive,criticality_weights[0] x0.8,one_at_a_time,47500.88264580818,37321.884,93.02398118326168,74.55944533333334,0.0
Observed,seasonal_naive,criticality_weights[1] x0.8,one_at_a_time,47530.568111447035,37321.884,93.02398118326168,74.55944533333334,0.0
Observed,seasonal_naive,perishability_base x0.8,one_at_a_time,46518.582505068654,37321.884,93.02398118326168,74.55944533333334,0.0
Observed,seasonal_naive,perishability_multiplier x0.8,one_at_a_time,46903.442588914244,37321.884,93.02398118326168,74.55944533333334,0.0
Observed,seasonal_naive,slow_moving_base x0.8,one_at_a_time,46263.520654908905,37321.884,93.02398118326168,74.55944533333334,0.0
Observed,seasonal_naive,slow_moving_multiplier x0.8,one_at_a_time,47158.50443907399,37321.884,93.02398118326168,74.55944533333334,0.0
Observed,seasonal_naive,service_criticality_base x0.8,one_at_a_time,41768.82665564181,37321.884,93.02398118326168,74.55944533333334,0.0
Observed,seasonal_naive,service_criticality_multiplier x0.8,one_at_a_time,45371.41146181415,37321.884,93.02398118326168,74.55944533333334,0.0
Observed,seasonal_naive,perishability_weights[0] x1.2,one_at_a_time,47513.345242001094,37321.884,93.02398118326168,74.55944533333334,0.0
Observed,seasonal_naive,perishability_weights[1] x1.2,one_at_a_time,47532.237803763215,37321.884,93.02398118326168,74.55944533333334,0.0
Observed,seasonal_naive,perishability_weights[2] x1.2,one_at_a_time,47503.44263448418,37321.884,93.02398118326168,74.55944533333334,0.0
Observed,seasonal_naive,slow_moving_weights[0] x1.2,one_at_a_time,47527.63999707658,37321.884,93.02398118326168,74.55944533333334,0.0
Observed,seasonal_naive,slow_moving_weights[1] x1.2,one_at_a_time,47504.713264524245,37321.884,93.02398118326168,74.55944533333334,0.0
Observed,seasonal_naive,criticality_weights[0] x1.2,one_at_a_time,47528.079856042605,37321.884,93.02398118326168,74.55944533333334,0.0
Observed,seasonal_naive,criticality_weights[1] x1.2,one_at_a_time,47503.80762879565,37321.884,93.02398118326168,74.55944533333334,0.0
Observed,seasonal_naive,perishability_base x1.2,one_at_a_time,48514.187606214946,37321.884,93.02398118326168,74.55944533333334,0.0
Observed,seasonal_naive,perishability_multiplier x1.2,one_at_a_time,48129.32752236936,37321.884,93.02398118326168,74.55944533333334,0.0
Observed,seasonal_naive,slow_moving_base x1.2,one_at_a_time,48769.24945637469,37321.884,93.02398118326168,74.55944533333334,0.0
Observed,seasonal_naive,slow_moving_multiplier x1.2,one_at_a_time,47874.26567220961,37321.884,93.02398118326168,74.55944533333334,0.0
Observed,seasonal_naive,service_criticality_base x1.2,one_at_a_time,53263.943455641805,37321.884,93.02398118326168,74.55944533333334,0.0
Observed,seasonal_naive,service_criticality_multiplier x1.2,one_at_a_time,49661.358649469454,37321.884,93.02398118326168,74.55944533333334,0.0
Observed,seasonal_naive,joint#0,joint,52222.78195188155,37321.884,93.02398118326168,74.55944533333334,0.0
Observed,seasonal_naive,joint#1,joint,42909.975357336356,37321.884,93.02398118326168,74.55944533333334,0.0
Observed,seasonal_naive,joint#2,joint,41116.64168510546,37321.884,93.02398118326168,74.55944533333334,0.0
Observed,seasonal_naive,joint#3,joint,48024.39721707403,37321.884,93.02398118326168,74.55944533333334,0.0
Observed,seasonal_naive,joint#4,joint,43439.36733230194,37321.884,93.02398118326168,74.55944533333334,0.0
Observed,seasonal_naive,joint#5,joint,47941.90610301632,37321.884,93.02398118326168,74.55944533333334,0.0
Observed,seasonal_naive,joint#6,joint,50135.49142520665,37321.884,93.02398118326168,74.55944533333334,0.0
Observed,seasonal_naive,joint#7,joint,51059.30734311564,37321.884,93.02398118326168,74.55944533333334,0.0
Observed,seasonal_naive,joint#8,joint,53135.691909743786,37321.884,93.02398118326168,74.55944533333334,0.0
Observed,seasonal_naive,joint#9,joint,41271.88867987676,37321.884,93.02398118326168,74.55944533333334,0.0
Observed,seasonal_naive,joint#10,joint,52381.47159606873,37321.884,93.02398118326168,74.55944533333334,0.0
Observed,seasonal_naive,joint#11,joint,40201.18029108152,37321.884,93.02398118326168,74.55944533333334,0.0
Observed,seasonal_naive,joint#12,joint,46190.805396022464,37321.884,93.02398118326168,74.55944533333334,0.0
Observed,seasonal_naive,joint#13,joint,49877.886276103825,37321.884,93.02398118326168,74.55944533333334,0.0
Observed,seasonal_naive,joint#14,joint,52476.73392066639,37321.884,93.02398118326168,74.55944533333334,0.0
Observed,seasonal_naive,joint#15,joint,53226.981082439335,37321.884,93.02398118326168,74.55944533333334,0.0
Observed,seasonal_naive,joint#16,joint,43276.3595090698,37321.884,93.02398118326168,74.55944533333334,0.0
Observed,seasonal_naive,joint#17,joint,41514.15271585393,37321.884,93.02398118326168,74.55944533333334,0.0
Observed,seasonal_naive,joint#18,joint,55675.23253175517,37321.884,93.02398118326168,74.55944533333334,0.0
Observed,seasonal_naive,joint#19,joint,54148.60670627911,37321.884,93.02398118326168,74.55944533333334,0.0
Observed,seasonal_naive,joint#20,joint,40696.80195173462,37321.884,93.02398118326168,74.55944533333334,0.0
Observed,seasonal_naive,joint#21,joint,41680.35050723972,37321.884,93.02398118326168,74.55944533333334,0.0
Observed,seasonal_naive,joint#22,joint,44756.5522919542,37321.884,93.02398118326168,74.55944533333334,0.0
Observed,seasonal_naive,joint#23,joint,41313.350741646755,37321.884,93.02398118326168,74.55944533333334,0.0
Observed,seasonal_naive,joint#24,joint,49758.71940489752,37321.884,93.02398118326168,74.55944533333334,0.0
Observed,seasonal_naive,joint#25,joint,47463.28560916871,37321.884,93.02398118326168,74.55944533333334,0.0
Observed,seasonal_naive,joint#26,joint,54889.62972819348,37321.884,93.02398118326168,74.55944533333334,0.0
Observed,seasonal_naive,joint#27,joint,49191.51895430048,37321.884,93.02398118326168,74.55944533333334,0.0
Observed,seasonal_naive,joint#28,joint,47660.625123885606,37321.884,93.02398118326168,74.55944533333334,0.0
Observed,seasonal_naive,joint#29,joint,54714.83483460014,37321.884,93.02398118326168,74.55944533333334,0.0
Observed,seasonal_naive,joint#30,joint,49327.03179654604,37321.884,93.02398118326168,74.55944533333334,0.0
Observed,seasonal_naive,joint#31,joint,46348.97685521093,37321.884,93.02398118326168,74.55944533333334,0.0
Observed,seasonal_naive,joint#32,joint,40989.16111397807,37321.884,93.02398118326168,74.55944533333334,0.0
Observed,seasonal_naive,joint#33,joint,45397.29656005015,37321.884,93.02398118326168,74.55944533333334,0.0
Observed,seasonal_naive,joint#34,joint,50053.1614090211,37321.884,93.02398118326168,74.55944533333334,0.0
Observed,seasonal_naive,joint#35,joint,52393.90809039307,37321.884,93.02398118326168,74.55944533333334,0.0
Observed,seasonal_naive,joint#36,joint,38606.79715634479,37321.884,93.02398118326168,74.55944533333334,0.0
Observed,seasonal_naive,joint#37,joint,43319.5140247219,37321.884,93.02398118326168,74.55944533333334,0.0
Observed,seasonal_naive,joint#38,joint,53562.12294629567,37321.884,93.02398118326168,74.55944533333334,0.0
Observed,seasonal_naive,joint#39,joint,47490.624458104765,37321.884,93.02398118326168,74.55944533333334,0.0
Observed,seasonal_naive,joint#40,joint,50537.06800307949,37321.884,93.02398118326168,74.55944533333334,0.0
Observed,seasonal_naive,joint#41,joint,44198.596571245915,37321.884,93.02398118326168,74.55944533333334,0.0
Observed,seasonal_naive,joint#42,joint,47867.20872555274,37321.884,93.02398118326168,74.55944533333334,0.0
Observed,seasonal_naive,joint#43,joint,46139.17431607188,37321.884,93.02398118326168,74.55944533333334,0.0
Observed,seasonal_naive,joint#44,joint,48557.43518344224,37321.884,93.02398118326168,74.55944533333334,0.0
Observed,seasonal_naive,joint#45,joint,46899.55368200778,37321.884,93.02398118326168,74.55944533333334,0.0
Observed,seasonal_naive,joint#46,joint,45323.489775733615,37321.884,93.02398118326168,74.55944533333334,0.0
Observed,seasonal_naive,joint#47,joint,44219.836733310614,37321.884,93.02398118326168,74.55944533333334,0.0
Observed,seasonal_naive,joint#48,joint,46427.03108361171,37321.884,93.02398118326168,74.55944533333334,0.0
Observed,seasonal_naive,joint#49,joint,41589.5680555585,37321.884,93.02398118326168,74.55944533333334,0.0
Observed,seasonal_naive,joint#50,joint,50496.339429347405,37321.884,93.02398118326168,74.55944533333334,0.0
Observed,seasonal_naive,joint#51,joint,46301.1719616186,37321.884,93.02398118326168,74.55944533333334,0.0
Observed,seasonal_naive,joint#52,joint,49723.63799373784,37321.884,93.02398118326168,74.55944533333334,0.0
Observed,seasonal_naive,joint#53,joint,55680.44210400338,37321.884,93.02398118326168,74.55944533333334,0.0
Observed,seasonal_naive,joint#54,joint,48702.41667955801,37321.884,93.02398118326168,74.55944533333334,0.0
Observed,seasonal_naive,joint#55,joint,42648.748934358126,37321.884,93.02398118326168,74.55944533333334,0.0
Observed,seasonal_naive,joint#56,joint,53151.310101705625,37321.884,93.02398118326168,74.55944533333334,0.0
Observed,seasonal_naive,joint#57,joint,41582.71966976936,37321.884,93.02398118326168,74.55944533333334,0.0
Observed,seasonal_naive,joint#58,joint,39295.08509012117,37321.884,93.02398118326168,74.55944533333334,0.0
Observed,seasonal_naive,joint#59,joint,49180.577499166255,37321.884,93.02398118326168,74.55944533333334,0.0
Observed,seasonal_naive,joint#60,joint,45549.07512337617,37321.884,93.02398118326168,74.55944533333334,0.0
Observed,seasonal_naive,joint#61,joint,39382.43744913249,37321.884,93.02398118326168,74.55944533333334,0.0
Observed,seasonal_naive,joint#62,joint,54429.16454662634,37321.884,93.02398118326168,74.55944533333334,0.0
Observed,seasonal_naive,joint#63,joint,53568.214028475784,37321.884,93.02398118326168,74.55944533333334,0.0
Observed,seasonal_naive,joint#64,joint,54253.44787584506,37321.884,93.02398118326168,74.55944533333334,0.0
Observed,seasonal_naive,joint#65,joint,52137.832184688436,37321.884,93.02398118326168,74.55944533333334,0.0
Observed,seasonal_naive,joint#66,joint,47489.55500411589,37321.884,93.02398118326168,74.55944533333334,0.0
Observed,seasonal_naive,joint#67,joint,41014.78867618658,37321.884,93.02398118326168,74.55944533333334,0.0
Observed,seasonal_naive,joint#68,joint,51346.618381095504,37321.884,93.02398118326168,74.55944533333334,0.0
Observed,seasonal_naive,joint#69,joint,42480.0024492465,37321.884,93.02398118326168,74.55944533333334,0.0
Observed,seasonal_naive,joint#70,joint,41888.3825091037,37321.884,93.02398118326168,74.55944533333334,0.0
Observed,seasonal_naive,joint#71,joint,47677.070783032636,37321.884,93.02398118326168,74.55944533333334,0.0
Observed,seasonal_naive,joint#72,joint,45069.89556850819,37321.884,93.02398118326168,74.55944533333334,0.0
Observed,seasonal_naive,joint#73,joint,47877.88919364618,37321.884,93.02398118326168,74.55944533333334,0.0
Observed,seasonal_naive,joint#74,joint,45980.35007348578,37321.884,93.02398118326168,74.55944533333334,0.0
Observed,seasonal_naive,joint#75,joint,45108.53550187872,37321.884,93.02398118326168,74.55944533333334,0.0
Observed,seasonal_naive,joint#76,joint,48790.64269745589,37321.884,93.02398118326168,74.55944533333334,0.0
Observed,seasonal_naive,joint#77,joint,44789.413779925395,37321.884,93.02398118326168,74.55944533333334,0.0
Observed,seasonal_naive,joint#78,joint,41955.805876334765,37321.884,93.02398118326168,74.55944533333334,0.0
Observed,seasonal_naive,joint#79,joint,44601.30818675905,37321.884,93.02398118326168,74.55944533333334,0.0
Observed,seasonal_naive,joint#80,joint,45259.372957248794,37321.884,93.02398118326168,74.55944533333334,0.0
Observed,seasonal_naive,joint#81,joint,51450.843129394605,37321.884,93.02398118326168,74.55944533333334,0.0
Observed,seasonal_naive,joint#82,joint,51653.54211640995,37321.884,93.02398118326168,74.55944533333334,0.0
Observed,seasonal_naive,joint#83,joint,46989.141939577574,37321.884,93.02398118326168,74.55944533333334,0.0
Observed,seasonal_naive,joint#84,joint,46652.741702482745,37321.884,93.02398118326168,74.55944533333334,0.0
Observed,seasonal_naive,joint#85,joint,47690.796570011684,37321.884,93.02398118326168,74.55944533333334,0.0
Observed,seasonal_naive,joint#86,joint,48454.62470196326,37321.884,93.02398118326168,74.55944533333334,0.0
Observed,seasonal_naive,joint#87,joint,49783.351359133645,37321.884,93.02398118326168,74.55944533333334,0.0
Observed,seasonal_naive,joint#88,joint,50905.98537206036,37321.884,93.02398118326168,74.55944533333334,0.0
Observed,seasonal_naive,joint#89,joint,41499.36786631278,37321.884,93.02398118326168,74.55944533333334,0.0
Observed,seasonal_naive,joint#90,joint,50839.2193120655,37321.884,93.02398118326168,74.55944533333334,0.0
Observed,seasonal_naive,joint#91,joint,45608.37257959401,37321.884,93.02398118326168,74.55944533333334,0.0
Observed,seasonal_naive,joint#92,joint,45482.28679081986,37321.884,93.02398118326168,74.55944533333334,0.0
Observed,seasonal_naive,joint#93,joint,44465.83376544999,37321.884,93.02398118326168,74.55944533333334,0.0
Observed,seasonal_naive,joint#94,joint,39198.17404760099,37321.884,93.02398118326168,74.55944533333334,0.0
Observed,seasonal_naive,joint#95,joint,48649.01978690094,37321.884,93.02398118326168,74.55944533333334,0.0
Observed,seasonal_naive,joint#96,joint,50208.88191800969,37321.884,93.02398118326168,74.55944533333334,0.0
Observed,seasonal_naive,joint#97,joint,48410.299613052266,37321.884,93.02398118326168,74.55944533333334,0.0
Observed,seasonal_naive,joint#98,joint,43431.561575535095,37321.884,93.02398118326168,74.55944533333334,0.0
Observed,seasonal_naive,joint#99,joint,38474.735853202146,37321.884,93.02398118326168,74.55944533333334,0.0
Observed,seasonal_naive,joint#100,joint,41532.99985446718,37321.884,93.02398118326168,74.55944533333334,0.0
Observed,seasonal_naive,joint#101,joint,50562.26798594371,37321.884,93.02398118326168,74.55944533333334,0.0
Observed,seasonal_naive,joint#102,joint,46727.69438527183,37321.884,93.02398118326168,74.55944533333334,0.0
Observed,seasonal_naive,joint#103,joint,52700.994391092274,37321.884,93.02398118326168,74.55944533333334,0.0
Observed,seasonal_naive,joint#104,joint,46120.676189114005,37321.884,93.02398118326168,74.55944533333334,0.0
Observed,seasonal_naive,joint#105,joint,54596.49614188919,37321.884,93.02398118326168,74.55944533333334,0.0
Observed,seasonal_naive,joint#106,joint,51639.25742399317,37321.884,93.02398118326168,74.55944533333334,0.0
Observed,seasonal_naive,joint#107,joint,44871.99017156425,37321.884,93.02398118326168,74.55944533333334,0.0
Observed,seasonal_naive,joint#108,joint,50027.691450335886,37321.884,93.02398118326168,74.55944533333334,0.0
Observed,seasonal_naive,joint#109,joint,53905.17202118049,37321.884,93.02398118326168,74.55944533333334,0.0
Observed,seasonal_naive,joint#110,joint,52065.46464640957,37321.884,93.02398118326168,74.55944533333334,0.0
Observed,seasonal_naive,joint#111,joint,54533.59186501196,37321.884,93.02398118326168,74.55944533333334,0.0
Observed,seasonal_naive,joint#112,joint,52037.795559614184,37321.884,93.02398118326168,74.55944533333334,0.0
Observed,seasonal_naive,joint#113,joint,43916.91875261655,37321.884,93.02398118326168,74.55944533333334,0.0
Observed,seasonal_naive,joint#114,joint,44151.929943459734,37321.884,93.02398118326168,74.55944533333334,0.0
Observed,seasonal_naive,joint#115,joint,48169.0619350761,37321.884,93.02398118326168,74.55944533333334,0.0
Observed,seasonal_naive,joint#116,joint,46789.027117360856,37321.884,93.02398118326168,74.55944533333334,0.0
Observed,seasonal_naive,joint#117,joint,42521.49407408458,37321.884,93.02398118326168,74.55944533333334,0.0
Observed,seasonal_naive,joint#118,joint,51254.81496992634,37321.884,93.02398118326168,74.55944533333334,0.0
Observed,seasonal_naive,joint#119,joint,46176.26566018994,37321.884,93.02398118326168,74.55944533333334,0.0
Observed,seasonal_naive,joint#120,joint,54092.997497924036,37321.884,93.02398118326168,74.55944533333334,0.0
Observed,seasonal_naive,joint#121,joint,51099.2448266756,37321.884,93.02398118326168,74.55944533333334,0.0
Observed,seasonal_naive,joint#122,joint,44502.99982085959,37321.884,93.02398118326168,74.55944533333334,0.0
Observed,seasonal_naive,joint#123,joint,47475.02263570992,37321.884,93.02398118326168,74.55944533333334,0.0
Observed,seasonal_naive,joint#124,joint,38913.01288237666,37321.884,93.02398118326168,74.55944533333334,0.0
Observed,seasonal_naive,joint#125,joint,52093.25371672506,37321.884,93.02398118326168,74.55944533333334,0.0
Observed,seasonal_naive,joint#126,joint,39850.956595425174,37321.884,93.02398118326168,74.55944533333334,0.0
Observed,seasonal_naive,joint#127,joint,53692.361552070994,37321.884,93.02398118326168,74.55944533333334,0.0
Observed,seasonal_naive,joint#128,joint,55070.845130999165,37321.884,93.02398118326168,74.55944533333334,0.0
Observed,seasonal_naive,joint#129,joint,53236.03997319221,37321.884,93.02398118326168,74.55944533333334,0.0
Observed,seasonal_naive,joint#130,joint,50168.02606192608,37321.884,93.02398118326168,74.55944533333334,0.0
Observed,seasonal_naive,joint#131,joint,40630.51002518789,37321.884,93.02398118326168,74.55944533333334,0.0
Observed,seasonal_naive,joint#132,joint,50653.75148265637,37321.884,93.02398118326168,74.55944533333334,0.0
Observed,seasonal_naive,joint#133,joint,49016.975370038905,37321.884,93.02398118326168,74.55944533333334,0.0
Observed,seasonal_naive,joint#134,joint,48804.89078563081,37321.884,93.02398118326168,74.55944533333334,0.0
Observed,seasonal_naive,joint#135,joint,46075.30293633709,37321.884,93.02398118326168,74.55944533333334,0.0
Observed,seasonal_naive,joint#136,joint,50922.38561890954,37321.884,93.02398118326168,74.55944533333334,0.0
Observed,seasonal_naive,joint#137,joint,39889.40205188093,37321.884,93.02398118326168,74.55944533333334,0.0
Observed,seasonal_naive,joint#138,joint,54194.82931815188,37321.884,93.02398118326168,74.55944533333334,0.0
Observed,seasonal_naive,joint#139,joint,45276.77017975102,37321.884,93.02398118326168,74.55944533333334,0.0
Observed,seasonal_naive,joint#140,joint,50424.9800560456,37321.884,93.02398118326168,74.55944533333334,0.0
Observed,seasonal_naive,joint#141,joint,47443.37116655412,37321.884,93.02398118326168,74.55944533333334,0.0
Observed,seasonal_naive,joint#142,joint,39404.02246572389,37321.884,93.02398118326168,74.55944533333334,0.0
Observed,seasonal_naive,joint#143,joint,49210.07135027095,37321.884,93.02398118326168,74.55944533333334,0.0
Observed,seasonal_naive,joint#144,joint,50688.68879660842,37321.884,93.02398118326168,74.55944533333334,0.0
Observed,seasonal_naive,joint#145,joint,50882.88549602677,37321.884,93.02398118326168,74.55944533333334,0.0
Observed,seasonal_naive,joint#146,joint,52380.19782847236,37321.884,93.02398118326168,74.55944533333334,0.0
Observed,seasonal_naive,joint#147,joint,49739.48871370875,37321.884,93.02398118326168,74.55944533333334,0.0
Observed,seasonal_naive,joint#148,joint,53855.790860890826,37321.884,93.02398118326168,74.55944533333334,0.0
Observed,seasonal_naive,joint#149,joint,47003.13752794654,37321.884,93.02398118326168,74.55944533333334,0.0
Observed,seasonal_naive,joint#150,joint,46747.26418274333,37321.884,93.02398118326168,74.55944533333334,0.0
Observed,seasonal_naive,joint#151,joint,45004.89315178976,37321.884,93.02398118326168,74.55944533333334,0.0
Observed,seasonal_naive,joint#152,joint,49955.11885044255,37321.884,93.02398118326168,74.55944533333334,0.0
Observed,seasonal_naive,joint#153,joint,49909.69547514348,37321.884,93.02398118326168,74.55944533333334,0.0
Observed,seasonal_naive,joint#154,joint,42280.32458710592,37321.884,93.02398118326168,74.55944533333334,0.0
Observed,seasonal_naive,joint#155,joint,49639.293009452645,37321.884,93.02398118326168,74.55944533333334,0.0
Observed,seasonal_naive,joint#156,joint,49545.48347485336,37321.884,93.02398118326168,74.55944533333334,0.0
Observed,seasonal_naive,joint#157,joint,40796.43416614315,37321.884,93.02398118326168,74.55944533333334,0.0
Observed,seasonal_naive,joint#158,joint,46374.35081931912,37321.884,93.02398118326168,74.55944533333334,0.0
Observed,seasonal_naive,joint#159,joint,48348.57388721048,37321.884,93.02398118326168,74.55944533333334,0.0
Observed,seasonal_naive,joint#160,joint,46371.290825668606,37321.884,93.02398118326168,74.55944533333334,0.0
Observed,seasonal_naive,joint#161,joint,42725.416338097435,37321.884,93.02398118326168,74.55944533333334,0.0
Observed,seasonal_naive,joint#162,joint,47060.98027924847,37321.884,93.02398118326168,74.55944533333334,0.0
Observed,seasonal_naive,joint#163,joint,39098.00272043186,37321.884,93.02398118326168,74.55944533333334,0.0
Observed,seasonal_naive,joint#164,joint,49756.727606966844,37321.884,93.02398118326168,74.55944533333334,0.0
Observed,seasonal_naive,joint#165,joint,50902.855692632336,37321.884,93.02398118326168,74.55944533333334,0.0
Observed,seasonal_naive,joint#166,joint,50673.675071642036,37321.884,93.02398118326168,74.55944533333334,0.0
Observed,seasonal_naive,joint#167,joint,50874.40887244277,37321.884,93.02398118326168,74.55944533333334,0.0
Observed,seasonal_naive,joint#168,joint,48620.366047478965,37321.884,93.02398118326168,74.55944533333334,0.0
Observed,seasonal_naive,joint#169,joint,42782.389566652615,37321.884,93.02398118326168,74.55944533333334,0.0
Observed,seasonal_naive,joint#170,joint,51028.43122491327,37321.884,93.02398118326168,74.55944533333334,0.0
Observed,seasonal_naive,joint#171,joint,47426.3832139003,37321.884,93.02398118326168,74.55944533333334,0.0
Observed,seasonal_naive,joint#172,joint,53268.00515188111,37321.884,93.02398118326168,74.55944533333334,0.0
Observed,seasonal_naive,joint#173,joint,48780.9454978305,37321.884,93.02398118326168,74.55944533333334,0.0
Observed,seasonal_naive,joint#174,joint,38916.9206009375,37321.884,93.02398118326168,74.55944533333334,0.0
Observed,seasonal_naive,joint#175,joint,49873.42210435822,37321.884,93.02398118326168,74.55944533333334,0.0
Observed,seasonal_naive,joint#176,joint,55045.876185161214,37321.884,93.02398118326168,74.55944533333334,0.0
Observed,seasonal_naive,joint#177,joint,47558.39446528685,37321.884,93.02398118326168,74.55944533333334,0.0
Observed,seasonal_naive,joint#178,joint,40644.32278905221,37321.884,93.02398118326168,74.55944533333334,0.0
Observed,seasonal_naive,joint#179,joint,49790.6468284695,37321.884,93.02398118326168,74.55944533333334,0.0
Observed,seasonal_naive,joint#180,joint,44543.78887910769,37321.884,93.02398118326168,74.55944533333334,0.0
Observed,seasonal_naive,joint#181,joint,44280.73781719916,37321.884,93.02398118326168,74.55944533333334,0.0
Observed,seasonal_naive,joint#182,joint,47111.68222967414,37321.884,93.02398118326168,74.55944533333334,0.0
Observed,seasonal_naive,joint#183,joint,45975.337898268815,37321.884,93.02398118326168,74.55944533333334,0.0
Observed,seasonal_naive,joint#184,joint,54665.19488395132,37321.884,93.02398118326168,74.55944533333334,0.0
Observed,seasonal_naive,joint#185,joint,42052.6039928201,37321.884,93.02398118326168,74.55944533333334,0.0
Observed,seasonal_naive,joint#186,joint,49708.22529093043,37321.884,93.02398118326168,74.55944533333334,0.0
Observed,seasonal_naive,joint#187,joint,48345.64240672516,37321.884,93.02398118326168,74.55944533333334,0.0
Observed,seasonal_naive,joint#188,joint,54147.38754653011,37321.884,93.02398118326168,74.55944533333334,0.0
Observed,seasonal_naive,joint#189,joint,54138.44009709076,37321.884,93.02398118326168,74.55944533333334,0.0
Observed,seasonal_naive,joint#190,joint,44777.22864270928,37321.884,93.02398118326168,74.55944533333334,0.0
Observed,seasonal_naive,joint#191,joint,49854.920202866895,37321.884,93.02398118326168,74.55944533333334,0.0
Observed,seasonal_naive,joint#192,joint,54868.22721534602,37321.884,93.02398118326168,74.55944533333334,0.0
Observed,seasonal_naive,joint#193,joint,51136.3257807497,37321.884,93.02398118326168,74.55944533333334,0.0
Observed,seasonal_naive,joint#194,joint,44231.093491676744,37321.884,93.02398118326168,74.55944533333334,0.0
Observed,seasonal_naive,joint#195,joint,50261.756737777556,37321.884,93.02398118326168,74.55944533333334,0.0
Observed,seasonal_naive,joint#196,joint,43318.04207590087,37321.884,93.02398118326168,74.55944533333334,0.0
Observed,seasonal_naive,joint#197,joint,55471.40557597298,37321.884,93.02398118326168,74.55944533333334,0.0
Observed,seasonal_naive,joint#198,joint,42563.17736176857,37321.884,93.02398118326168,74.55944533333334,0.0
Observed,seasonal_naive,joint#199,joint,51585.91619743602,37321.884,93.02398118326168,74.55944533333334,0.0
Observed,seasonal_naive,joint#200,joint,51336.1979980162,37321.884,93.02398118326168,74.55944533333334,0.0
Observed,seasonal_naive,joint#201,joint,43739.28480947558,37321.884,93.02398118326168,74.55944533333334,0.0
Observed,seasonal_naive,joint#202,joint,41886.20330651317,37321.884,93.02398118326168,74.55944533333334,0.0
Observed,seasonal_naive,joint#203,joint,47099.96146976784,37321.884,93.02398118326168,74.55944533333334,0.0
Observed,seasonal_naive,joint#204,joint,53960.89468202315,37321.884,93.02398118326168,74.55944533333334,0.0
Observed,seasonal_naive,joint#205,joint,44066.92228410552,37321.884,93.02398118326168,74.55944533333334,0.0
Observed,seasonal_naive,joint#206,joint,47866.899217634855,37321.884,93.02398118326168,74.55944533333334,0.0
Observed,seasonal_naive,joint#207,joint,43804.79882487054,37321.884,93.02398118326168,74.55944533333334,0.0
Observed,seasonal_naive,joint#208,joint,43005.29562437796,37321.884,93.02398118326168,74.55944533333334,0.0
Observed,seasonal_naive,joint#209,joint,46603.4705565537,37321.884,93.02398118326168,74.55944533333334,0.0
Observed,seasonal_naive,joint#210,joint,42786.65101620307,37321.884,93.02398118326168,74.55944533333334,0.0
Observed,seasonal_naive,joint#211,joint,56097.80877266462,37321.884,93.02398118326168,74.55944533333334,0.0
Observed,seasonal_naive,joint#212,joint,41548.08933961152,37321.884,93.02398118326168,74.55944533333334,0.0
Observed,seasonal_naive,joint#213,joint,50859.79208164706,37321.884,93.02398118326168,74.55944533333334,0.0
Observed,seasonal_naive,joint#214,joint,44744.64883719695,37321.884,93.02398118326168,74.55944533333334,0.0
Observed,seasonal_naive,joint#215,joint,42339.842675953834,37321.884,93.02398118326168,74.55944533333334,0.0
Observed,seasonal_naive,joint#216,joint,41395.26565778577,37321.884,93.02398118326168,74.55944533333334,0.0
Observed,seasonal_naive,joint#217,joint,50842.779903480245,37321.884,93.02398118326168,74.55944533333334,0.0
Observed,seasonal_naive,joint#218,joint,41403.5500243306,37321.884,93.02398118326168,74.55944533333334,0.0
Observed,seasonal_naive,joint#219,joint,50052.42192326976,37321.884,93.02398118326168,74.55944533333334,0.0
Observed,seasonal_naive,joint#220,joint,51355.195008151975,37321.884,93.02398118326168,74.55944533333334,0.0
Observed,seasonal_naive,joint#221,joint,49228.696350004226,37321.884,93.02398118326168,74.55944533333334,0.0
Observed,seasonal_naive,joint#222,joint,52381.79116028226,37321.884,93.02398118326168,74.55944533333334,0.0
Observed,seasonal_naive,joint#223,joint,51610.4441790336,37321.884,93.02398118326168,74.55944533333334,0.0
Observed,seasonal_naive,joint#224,joint,49736.86323892089,37321.884,93.02398118326168,74.55944533333334,0.0
Observed,seasonal_naive,joint#225,joint,40349.678756804366,37321.884,93.02398118326168,74.55944533333334,0.0
Observed,seasonal_naive,joint#226,joint,41931.5135969728,37321.884,93.02398118326168,74.55944533333334,0.0
Observed,seasonal_naive,joint#227,joint,49225.3622087388,37321.884,93.02398118326168,74.55944533333334,0.0
Observed,seasonal_naive,joint#228,joint,50530.47766584145,37321.884,93.02398118326168,74.55944533333334,0.0
Observed,seasonal_naive,joint#229,joint,42002.27115235019,37321.884,93.02398118326168,74.55944533333334,0.0
Observed,seasonal_naive,joint#230,joint,40860.21375877003,37321.884,93.02398118326168,74.55944533333334,0.0
Observed,seasonal_naive,joint#231,joint,38862.17337102455,37321.884,93.02398118326168,74.55944533333334,0.0
Observed,seasonal_naive,joint#232,joint,47393.68313693062,37321.884,93.02398118326168,74.55944533333334,0.0
Observed,seasonal_naive,joint#233,joint,47899.2250963687,37321.884,93.02398118326168,74.55944533333334,0.0
Observed,seasonal_naive,joint#234,joint,54078.26135641657,37321.884,93.02398118326168,74.55944533333334,0.0
Observed,seasonal_naive,joint#235,joint,52730.725836796264,37321.884,93.02398118326168,74.55944533333334,0.0
Observed,seasonal_naive,joint#236,joint,36680.204703829346,37321.884,93.02398118326168,74.55944533333334,0.0
Observed,seasonal_naive,joint#237,joint,42129.76144317866,37321.884,93.02398118326168,74.55944533333334,0.0
Observed,seasonal_naive,joint#238,joint,44703.526351388995,37321.884,93.02398118326168,74.55944533333334,0.0
Observed,seasonal_naive,joint#239,joint,47587.132907655774,37321.884,93.02398118326168,74.55944533333334,0.0
Observed,seasonal_naive,joint#240,joint,44140.74511953241,37321.884,93.02398118326168,74.55944533333334,0.0
Observed,seasonal_naive,joint#241,joint,48124.06002072528,37321.884,93.02398118326168,74.55944533333334,0.0
Observed,seasonal_naive,joint#242,joint,48811.77333484854,37321.884,93.02398118326168,74.55944533333334,0.0
Observed,seasonal_naive,joint#243,joint,45709.55987027161,37321.884,93.02398118326168,74.55944533333334,0.0
Observed,seasonal_naive,joint#244,joint,41864.65051121548,37321.884,93.02398118326168,74.55944533333334,0.0
Observed,seasonal_naive,joint#245,joint,47139.06058884595,37321.884,93.02398118326168,74.55944533333334,0.0
Observed,seasonal_naive,joint#246,joint,45787.79870357431,37321.884,93.02398118326168,74.55944533333334,0.0
Observed,seasonal_naive,joint#247,joint,42555.16424113518,37321.884,93.02398118326168,74.55944533333334,0.0
Observed,seasonal_naive,joint#248,joint,44608.85673054712,37321.884,93.02398118326168,74.55944533333334,0.0
Observed,seasonal_naive,joint#249,joint,45695.39541846712,37321.884,93.02398118326168,74.55944533333334,0.0
Observed,seasonal_naive,joint#250,joint,43578.69020130145,37321.884,93.02398118326168,74.55944533333334,0.0
Observed,seasonal_naive,joint#251,joint,43461.418825437344,37321.884,93.02398118326168,74.55944533333334,0.0
Observed,seasonal_naive,joint#252,joint,49797.076405319516,37321.884,93.02398118326168,74.55944533333334,0.0
Observed,seasonal_naive,joint#253,joint,55993.3663733713,37321.884,93.02398118326168,74.55944533333334,0.0
Observed,seasonal_naive,joint#254,joint,44110.0266818312,37321.884,93.02398118326168,74.55944533333334,0.0
Observed,seasonal_naive,joint#255,joint,37236.974636332016,37321.884,93.02398118326168,74.55944533333334,0.0
Observed,seasonal_naive,joint#256,joint,38376.16996649784,37321.884,93.02398118326168,74.55944533333334,0.0
Observed,seasonal_naive,joint#257,joint,54802.486415968044,37321.884,93.02398118326168,74.55944533333334,0.0
Observed,seasonal_naive,joint#258,joint,47388.00517513564,37321.884,93.02398118326168,74.55944533333334,0.0
Observed,seasonal_naive,joint#259,joint,48415.315260159565,37321.884,93.02398118326168,74.55944533333334,0.0
Observed,seasonal_naive,joint#260,joint,52979.61285797678,37321.884,93.02398118326168,74.55944533333334,0.0
Observed,seasonal_naive,joint#261,joint,54240.58841501239,37321.884,93.02398118326168,74.55944533333334,0.0
Observed,seasonal_naive,joint#262,joint,52577.61603849755,37321.884,93.02398118326168,74.55944533333334,0.0
Observed,seasonal_naive,joint#263,joint,43016.22492965413,37321.884,93.02398118326168,74.55944533333334,0.0
Observed,seasonal_naive,joint#264,joint,51551.13954954961,37321.884,93.02398118326168,74.55944533333334,0.0
Observed,seasonal_naive,joint#265,joint,56014.805483599484,37321.884,93.02398118326168,74.55944533333334,0.0
Observed,seasonal_naive,joint#266,joint,49784.33632220879,37321.884,93.02398118326168,74.55944533333334,0.0
Observed,seasonal_naive,joint#267,joint,45546.779865533965,37321.884,93.02398118326168,74.55944533333334,0.0
Observed,seasonal_naive,joint#268,joint,44152.56486243658,37321.884,93.02398118326168,74.55944533333334,0.0
Observed,seasonal_naive,joint#269,joint,43485.28908927533,37321.884,93.02398118326168,74.55944533333334,0.0
Observed,seasonal_naive,joint#270,joint,46104.18216418596,37321.884,93.02398118326168,74.55944533333334,0.0
Observed,seasonal_naive,joint#271,joint,39578.95955604327,37321.884,93.02398118326168,74.55944533333334,0.0
Observed,seasonal_naive,joint#272,joint,52994.703562690614,37321.884,93.02398118326168,74.55944533333334,0.0
Observed,seasonal_naive,joint#273,joint,41248.028802110915,37321.884,93.02398118326168,74.55944533333334,0.0
Observed,seasonal_naive,joint#274,joint,43545.40492463536,37321.884,93.02398118326168,74.55944533333334,0.0
Observed,seasonal_naive,joint#275,joint,48237.20214422555,37321.884,93.02398118326168,74.55944533333334,0.0
Observed,seasonal_naive,joint#276,joint,54355.8589548762,37321.884,93.02398118326168,74.55944533333334,0.0
Observed,seasonal_naive,joint#277,joint,50077.097520402385,37321.884,93.02398118326168,74.55944533333334,0.0
Observed,seasonal_naive,joint#278,joint,46734.30781185077,37321.884,93.02398118326168,74.55944533333334,0.0
Observed,seasonal_naive,joint#279,joint,40186.63554915485,37321.884,93.02398118326168,74.55944533333334,0.0
Observed,seasonal_naive,joint#280,joint,44162.21521165341,37321.884,93.02398118326168,74.55944533333334,0.0
Observed,seasonal_naive,joint#281,joint,52025.62821165645,37321.884,93.02398118326168,74.55944533333334,0.0
Observed,seasonal_naive,joint#282,joint,39577.44091958966,37321.884,93.02398118326168,74.55944533333334,0.0
Observed,seasonal_naive,joint#283,joint,38499.82627680832,37321.884,93.02398118326168,74.55944533333334,0.0
Observed,seasonal_naive,joint#284,joint,51890.86818138253,37321.884,93.02398118326168,74.55944533333334,0.0
Observed,seasonal_naive,joint#285,joint,52615.05205113796,37321.884,93.02398118326168,74.55944533333334,0.0
Observed,seasonal_naive,joint#286,joint,53991.63513001212,37321.884,93.02398118326168,74.55944533333334,0.0
Observed,seasonal_naive,joint#287,joint,51166.101225809136,37321.884,93.02398118326168,74.55944533333334,0.0
Observed,seasonal_naive,joint#288,joint,52575.65269551013,37321.884,93.02398118326168,74.55944533333334,0.0
Observed,seasonal_naive,joint#289,joint,42799.42329216964,37321.884,93.02398118326168,74.55944533333334,0.0
Observed,seasonal_naive,joint#290,joint,40973.1637719462,37321.884,93.02398118326168,74.55944533333334,0.0
Observed,seasonal_naive,joint#291,joint,43926.329939432115,37321.884,93.02398118326168,74.55944533333334,0.0
Observed,seasonal_naive,joint#292,joint,38484.99274439251,37321.884,93.02398118326168,74.55944533333334,0.0
Observed,seasonal_naive,joint#293,joint,42168.09180587669,37321.884,93.02398118326168,74.55944533333334,0.0
Observed,seasonal_naive,joint#294,joint,45818.43397745931,37321.884,93.02398118326168,74.55944533333334,0.0
Observed,seasonal_naive,joint#295,joint,44688.121633013245,37321.884,93.02398118326168,74.55944533333334,0.0
Observed,seasonal_naive,joint#296,joint,50812.044384996916,37321.884,93.02398118326168,74.55944533333334,0.0
Observed,seasonal_naive,joint#297,joint,47492.04531683383,37321.884,93.02398118326168,74.55944533333334,0.0
Observed,seasonal_naive,joint#298,joint,47688.41393095712,37321.884,93.02398118326168,74.55944533333334,0.0
Observed,seasonal_naive,joint#299,joint,45945.010427909394,37321.884,93.02398118326168,74.55944533333334,0.0
